MUNICIPIO,LOCALIDAD,NOMBRE_LOCALIDAD
1,1,VILLA DE ACAMBAY DE RUIZ CASTAÑEDA
1,2,EL AGOSTADERO
1,3,AGUA LIMPIA
1,4,LAS ARENAS
1,5,BARRANCAS
1,6,BARRIO DE GUADALUPE
1,7,BOSHI CHIQUITO
1,8,BOSHI GRANDE
1,9,BOSHINDO
1,10,BOTI AGOSTADERO
1,11,BOTIDI
1,12,BOVINI
1,13,BUENAVISTA
1,14,CAÑADA DEL GALLO
1,15,LA CARIDAD
1,16,EL CERRITO DE TIXMADEJE
1,17,CONEJERAS
1,18,LA CUMBRE
1,19,CHANTEJE
1,20,LOS CHARCOS
1,21,DATEJE
1,22,DETIÑA
1,23,DETIÑA EJIDO
1,24,DONGU
1,25,DOXTEJE CENTRO
1,26,EL ERMITAÑO
1,27,ESDOCA
1,28,LA ESTANCIA SECTOR 1
1,29,LA FLORIDA
1,30,GANDO
1,31,GANZDA
1,32,GOLONDRINAS
1,33,HONDIGA
1,34,LA HUERTA
1,35,JUANDO
1,36,LA LAGUNA
1,37,LA LOMA
1,38,LOMA DE ENMEDIO
1,39,LOMA DEL FRESNO
1,40,LOMA LINDA
1,41,MADO SECTOR I
1,42,LA MANGA
1,43,LAS MANGAS
1,44,MUYTEJE
1,45,LA PALMA
1,46,PATHE
1,47,LOS PILARES
1,48,PUEBLO NUEVO BARRIO II
1,49,PUENTECILLAS
1,50,EL PUERTO DE DONGU
1,51,LOMA DE SAN ANGEL
1,52,SAN ANTONIO LAS PALMAS
1,53,SAN FRANCISCO SHAXNI
1,54,SAN FRANCISCO SHAXNI EJIDO
1,55,SAN ILDEFONSO YOLOTEPEC
1,56,SAN JOSE BOCTO
1,57,SAN JUANICO SECTOR I
1,58,SAN NICOLAS ACAMBAY
1,60,SAN PEDRO DE LOS METATES
1,61,SANTA MARIA ARENAS
1,63,LOS SAUCES
1,64,LA SOLEDAD
1,65,LA TERESA
1,66,TIXMADEJE CHIQUITO
1,67,SANTA MARIA TIXMADEJE
1,68,LOS TORILES
1,69,LAS POMAS
1,70,DOXTEJE BARRIO PRIMERO
1,71,RANCHO LA VENTA
1,72,RANCHO LUCERO
1,76,RANCHO TOTO
1,78,DESHPE
1,79,RANCHO BUENAVISTA
1,80,CHIVAS
1,81,LA ESTANCIA SECTOR II
1,82,EL FRESADERO
1,83,MADO SECTOR II
1,84,EL MEDRANO
1,85,LA NOPALERA
1,86,SAN JUANICO SECTOR II
1,87,EL PEDREGAL DE TIXMADEJE
1,88,EJIDO DE TIXMADEJE GRANDE
1,89,LA VENTA
1,90,SAN AGUSTIN LA LOMA
1,91,RINCON DE JUANDO
1,92,RINCON DE SAN FRANCISCO SHAXNI
1,93,DOXTEJE BARRIO II
1,94,TIXMADEJE BARRIO II
1,95,HERMOSA PROVINCIA
1,96,PUEBLO NUEVO BARRIO I
1,97,ENDEJE
2,1,ACOLMAN DE NEZAHUALCOYOTL
2,2,SAN BARTOLO
2,3,SANTA CATARINA
2,4,TEPEXPAN
2,5,XOMETLA
2,6,NEXTLALPAN
2,7,SAN LUCAS TEPANGO
2,8,SAN MARCOS NEPANTLA
2,9,SAN PEDRO TEPETITLAN
2,10,SAN JOSE
2,11,QUINTA LAS FLORES
3,1,ACULCO DE ESPINOZA
3,2,LOS AILES
3,4,LAS ANIMAS
3,5,ARROYO ZARCO
3,6,EL AZAFRAN
3,7,BAÑE EJIDO
3,8,BAÑE
3,9,BARRANCAS
3,10,EL BONXHI
3,12,COFRADIA GRANDE
3,13,EL COLORADO
3,14,LA CONCEPCION EJIDO
3,15,LA CONCEPCION PUEBLO
3,16,SANTA MARIA NATIVITAS SEGUNDO CUARTEL
3,17,EJIDO DECANDEJE
3,18,DECANDEJE
3,19,LA ESTANCIA
3,20,ENCINILLAS EJIDO
3,21,FONDO
3,24,GUNYO ORIENTE
3,25,GUNYO PONIENTE
3,26,JURICA
3,27,LOMA ALTA CABRESTEROS
3,28,ÑADO BUENAVISTA
3,29,EL MOGOTE
3,33,EL ROSAL
3,35,SAN ANTONIO
3,36,SAN FRANCISQUITO
3,37,SAN JERONIMO BARRIO
3,38,SAN JERONIMO EJIDO
3,39,SAN JOAQUIN COSCOMATEPEC EJIDO
3,40,SAN JOAQUIN COSCOMATEPEC
3,43,SAN LUCAS TOTOLMALOYA
3,44,SAN MARTIN EJIDO
3,45,SAN PEDRO DENXHI
3,46,SANTA ANA MATLAVAT EJIDO
3,47,SANTA ANA MATLAVAT
3,48,SANTA MARIA EJIDO
3,49,SANTA MARIA NATIVITAS
3,50,SANTA ROSA EJIDO
3,52,SANTIAGO OXTOC TOXHIE
3,53,LA SOLEDAD EJIDO
3,56,EL TIXHIÑU
3,57,EL ZETHE
3,58,SAN ANTONIO ARROYO ZARCO
3,59,LA ESPERANZA
3,60,CHAPALA
3,62,LA SOLEDAD BARRIO
3,63,EL TEPOZAN
3,64,SAN ANTONIO EL ZETHE
3,65,BARRIO DE TOTOLOPAN
3,67,HIGUERILLAS
3,69,LAS LAJAS
3,70,LA PERA
3,71,EL RINCON
3,72,SANTA ANA OXTOTOXHIE
3,73,LOS GAVILANES
3,74,GUNYO CENTRO
4,1,ALMOLOYA DE ALQUISIRAS
4,2,AGUA FRIA
4,3,AHUACATITLAN
4,4,AQUIAPAN
4,5,BUENOS AIRES
4,6,CERRO DEL GUAYABO
4,7,CUAHUTENCO
4,8,JALTEPEC
4,9,LLANO DE LAS CASAS
4,10,LAS MESAS
4,11,MESA DEL RIO
4,12,SAN ANTONIO PACHUQUILLA
4,13,RANCHO LOS PEREZ
4,14,PLAN DE VIGAS
4,15,PLUTARCO GONZALEZ
4,16,QUINTA MANZANA
4,17,SAN ANDRES TEPETITLAN
4,18,SAN JOSE TIZATES
4,19,SEXTA MANZANA
4,20,TEPEHUAJES
4,21,TOTOLTEPEC DE LA PAZ
4,22,TRIGUILLOS
4,23,LA UNION RIVA PALACIO
4,24,LOMA LARGA
4,25,CUARTA MANZANA
4,26,LOS PINOS
4,27,VISTA HERMOSA
4,28,CAPULMANCA
4,29,CERRO DE TLAPEXCO
4,30,LA GUADALUPANA
4,31,EL MIRADOR
4,32,LOS RANCHOS
4,33,LA YERBABUENA
4,34,LA BARRANCA
4,35,LA LOBERA
4,36,PROGRESO LOS HERNANDEZ
4,37,TOTOLTEPEC DE ARRIBA
4,38,PLUTARCO GONZALEZ DE ARRIBA
5,1,ALMOLOYA DE JUAREZ
5,2,BARRIO LA CABECERA
5,3,SAN FRANCISCO TLALCILALCALPAN
5,4,SANTIAGUITO TLALCILALCALI
5,5,ARROYO ZARCO
5,6,BENITO JUAREZ
5,10,BARRIO LA CABECERA 3A SECCION
5,11,CAÑADA DE GUADARRAMA
5,12,CASA NUEVA
5,13,CIENEGUILLAS DE GUADALUPE
5,14,CIENEGUILLAS DE MAÑONES
5,15,COLONIA BELLAVISTA
5,16,DILATADA SUR
5,17,EL ESTANCO
5,19,SAN JOSE LA GAVIA
5,20,LOS LAGARTOS
5,21,LAGUNA DE TABERNILLAS
5,22,LAZARO CARDENAS
5,23,LOMA BLANCA
5,24,LOMA DE LA TINAJA
5,25,LOMA DEL SALITRE
5,26,MAYORAZGO CONCEPCION DE LEON
5,27,MEXTEPEC
5,28,MINA MEXICO
5,29,BARRIO DEL OCOTE
5,30,OCOYOTEPEC
5,31,PALOS AMARILLOS
5,32,PAREDON CENTRO
5,33,EJIDO PAREDON
5,36,PLAN BARRIO DE OCOYOTEPEC
5,37,SAN AGUSTIN POTEJE CENTRO
5,38,SAN AGUSTIN POTEJE NORTE
5,39,SAN AGUSTIN POTEJE SUR
5,40,ROSA MORADA
5,41,RIO FRIO
5,42,SALITRE DE MAÑONES
5,43,SAN AGUSTIN CITLALI
5,44,SAN AGUSTIN LAS TABLAS
5,45,SAN ANTONIO ATOTONILCO
5,46,SAN ANTONIO BUENAVISTA
5,47,SAN ANTONIO OCOYOTEPEC
5,48,SAN CRISTOBAL
5,50,SAN ISIDRO EL RESERVADO
5,51,SAN LORENZO CUAUHTENCO
5,52,SAN MATEO TLALCHICHILPAN
5,53,SAN MIGUEL ALMOLOYAN
5,55,SAN NICOLAS AMEALCO
5,57,BARRIO SAN PEDRO
5,58,SANTA JUANA CENTRO
5,59,SANTA JUANA 1A SECCION
5,60,SANTA JUANA 2A SECCION
5,61,SANTA MARIA NATIVITAS
5,62,EL SANTITO
5,63,LA SOLEDAD
5,64,TABERNILLAS
5,65,EL TEPETATAL
5,66,LA TINAJA
5,67,EJIDO DE SANTA MARIA NATIVITAS
5,68,EL TULILLO
5,69,LA UNION DE OCOYOTEPEC
5,70,YEBUCIVI CENTRO
5,73,EJIDO DE SAN PEDRO
5,74,EL JACAL DE BUENAVISTA
5,76,LA GALERA
5,77,RANCHERIA DE SAN DIEGO
5,81,EJIDO SAN DIEGO
5,85,SAN PEDRO LA HORTALIZA
5,99,LOMA DEL JACAL
5,100,BARRIO DEL CARMEN
5,101,CONJUNTO HABITACIONAL ECOLOGICO SUTEYM
5,102,FRACC. COLINAS DE SAN FRANCISCO
5,104,LA LIMA
5,105,LOMA DE SAN FRANCISCO
5,106,LA LAGUNITA YEBUCIVI
5,107,BUENAVISTA YEBUCIVI
5,108,PAREDON NORTE
5,109,LA MESA ARROYO ZARCO
6,1,ALMOLOYA DEL RIO
7,1,AMANALCO DE BECERRA
7,2,AGUA BENDITA
7,3,CAPILLA VIEJA
7,4,EL CAPULIN SEGUNDA SECCION
7,5,CORRAL DE PIEDRA
7,6,HACIENDA NUEVA
7,7,HUACAL VIEJO
7,8,EL POTRERO
7,9,RINCON DE GUADALUPE
7,10,SAN BARTOLO
7,11,SAN JERONIMO
7,12,SAN JUAN
7,13,SAN LUCAS
7,14,SAN MATEO
7,15,SAN MIGUEL TENEXTEPEC
7,16,SAN SEBASTIAN CHICO
7,17,SAN SEBASTIAN GRANDE
7,18,EL ANCON
7,19,OJO DE AGUA
7,20,EL ZACATONAL
7,21,EL PEDREGAL
7,22,POLVILLOS
7,23,SAN FRANCISCO
7,24,PROVIDENCIA
7,25,PUEBLO NUEVO
7,27,EL TEMPORAL
7,28,EL CAPULIN PRIMERA SECCION
7,29,LAS PILAS
7,30,LOMAS DE PROVIDENCIA
8,1,AMATEPEC
8,2,PALMAR CHICO
8,3,ACATEMPAN
8,4,AHUACATITLAN
8,5,EL AGUACATITO
8,6,AMADORES
8,7,AYUQUILA
8,8,BARRANCA DE ESMERALDAS
8,9,CUADRILLA NUEVA
8,10,BARRANCA DEL MAMEY
8,11,LA COFRADIA
8,12,QUIMICHATENCO
8,13,CERRO DE LAS ANIMAS
8,14,CERRO DEL CAMPO
8,15,CERRO TLACOTEPEC
8,16,CERRO DEL COYOL
8,17,CERRO VERDE
8,18,CHAPULUAPAN
8,19,TLAPANCO
8,20,CHARCO HONDO
8,21,LA CHUPARROSA
8,22,EL AGUACATE
8,23,EL ZAPOTE CINCUENTA ARROBAS
8,24,CORRAL DE PIEDRA
8,25,CORRAL VIEJO
8,26,EL COYOL SAN SIMON
8,27,CUADRILLA DE LOPEZ
8,28,CUADRILLA NUEVA
8,29,LOS COAHUILOTES
8,30,ENCINAL VERDE
8,31,LOS ENCINOS
8,32,LOS ESPINOS
8,33,EL FRESNO
8,34,LA GOLETA
8,35,LOS GUAJES
8,36,LAS GUIJAS BLANCAS
8,37,HUIXTITLA
8,38,LAS JOYAS
8,39,LAS LATAS
8,40,SAN FRANCISCO LOS PINZANES
8,41,EL MALPASO
8,42,MANGO MATUZ
8,43,EL MONTEAL
8,44,PALMARILLOS
8,45,EL PARAJE
8,46,LA PAROTA
8,47,PINZANES MATUZ
8,48,PUENTE VIEJO
8,49,EL RANCHO
8,50,RINCON DE ESMERALDAS
8,51,RINCON DE LA COFRADIA
8,52,SALITRE PALMARILLOS
8,53,SALITRE SANTA BARBARA
8,54,SAN FELIPE DE JESUS
8,55,SAN JUAN TIZAPAN
8,56,SAN JOSE DEL PALMAR
8,57,SAN MARCOS
8,58,SAN MARTIN
8,59,SAN MIGUEL ZINACAUSTO
8,60,SAN SIMON ZOZOCOLTEPEC
8,61,SANTA BARBARA
8,62,SANTIAGO
8,63,EL SITIO
8,64,TEPEHUAJES I
8,65,TEPEHUASTITLAN
8,66,LOS TIMBRES
8,67,TLACHICHILPAN
8,68,EL VELADERO
8,69,EL LLANO
8,70,CINCUENTA ARROBAS
8,71,LOS COLORINES
8,72,EL PUERTO
8,73,EL PINO
8,74,TIERRA AZUL
8,75,EL PLATANAL
8,76,EL PANTALON
8,79,AVIACION
8,80,EL CONEJO
8,81,RINCON DEL NARANJO
8,82,CERRO EL CASAHUATES
8,84,EL TAMARINDO
8,85,LA MALAGUEÑA
8,86,PASO DEL SITIO
8,87,GUAYABILLOS
8,88,LAS PAILAS
8,89,BARRIO DE LA UVA
8,90,BARRANCA DE LOS BLANCOS
8,91,GUICUMEN
8,92,LA PALMA
8,93,PALOS ALTOS
8,94,EL AGUACATE
8,96,EL RECOBECO
8,97,EL JEJEN
8,98,PEÑA DEL CUERVO
8,99,CRUCERO CERRO DEL CAMPO
8,100,PUENTE DEL RODEO
8,101,BARRANCA DEL COYOL
8,102,CRISTO REY
8,106,LA CHAQUETA
8,108,EL ARRAYAN
8,110,LOS PLANES
8,111,EL MAMEY
8,112,EL COYOL
8,113,EL COYOL (1)
8,114,EL AGUACATE
8,115,RINCON DE SAN SIMON
8,116,LA CARRERA
8,117,EL CORTIJO
8,118,LOS POSITOS
8,119,ZACATONES
8,121,EL MATADERO
8,122,EL ZUMPANCLE
8,123,LAS CAÑITAS
8,124,EL CAMALOTE
8,125,TIERRA COLORADA
8,126,TIMBRES
8,127,PEÑA AGUJERADA
8,128,CERRO DE SANTIAGO
8,129,LA MORA
8,130,POTRERILLOS
8,132,LAS CEIBAS
8,133,PEÑA BLANCA
8,134,EL ARRAYAN (1)
8,135,EL CIRIAN MANZO
8,136,SAN ANTONIO
8,137,PUEBLO NUEVO
8,139,TEZULOLOMA
8,140,LA RAYUELA
8,141,LOS ORGANOS
8,143,MEYUCA
8,144,RANCHO VIEJO
8,145,BUENAVISTA
8,146,LAS JUNTAS
8,152,LAS MESAS MATUZ
8,153,PUERTO DEL RODEO MATUZ
8,154,EL RODEO MATUZ
8,155,TAMARINDO MATUZ
8,156,LAS HUERTAS
8,157,EL CONVENTO
8,159,LOS AJOQUES
8,162,CUADRILLA DE LOS MORALES
8,163,DOLORES
8,164,LAS CEIBAS
8,165,JOYA DE LA VENTA
8,166,EL JUCUAL
8,167,LAS TINAJAS
8,169,EL RODEO
8,170,EL CONSUELO
8,171,PUERTO DE LA MOJONERA
8,172,EL LLANO DE ARRIBA
8,173,LAS LIGAS
8,174,LAS PAREDES
8,175,BOSQUE REDONDO
8,176,EL ZAPOTE
8,178,LOS SABINOS
8,179,PASO DE LA PAROTA
8,180,SALITRE DE LOPEZ
8,181,EL ORTIGO
8,182,EL MANGO PIEDRAS ANCHAS
8,183,EL PANTEON DE SAN FELIPE
8,184,CERRO DE LAS ANIMAS EL MANGUITO
8,185,EL ZAPOTE
8,186,LA VENTA SAN SIMON
8,187,TEPEHUAJES II
9,1,AMECAMECA DE JUAREZ
9,2,SAN PEDRO NEXAPA
9,3,ALDEA DE LOS REYES
9,4,COAPEXCO
9,7,SAN ANTONIO ZOYATZINGO
9,8,SAN DIEGO HUEHUECALCO
9,9,SAN DIEGO TLAXCANTITLA
9,10,SAN FRANCISCO ZENTLALPAN
9,11,"SAN JOSE TOMACOCO, RANCHO"
9,12,SAN JUAN GRANDE
9,14,SANTA ISABEL CHALMA
9,15,SANTIAGO CUAUTENCO
9,16,TAMARIZ
9,21,RANCHO DEL JAPONES
9,25,ATLANCATZI (RANCHO CHILOLO)
9,28,TEMAZCAL
9,31,EL TOREO
9,32,5 DE FEBRERO
9,33,LA VIA
9,35,LOS NOGALES
9,36,RANCHO SAN JOSE
9,38,RANCHO TEPEYAHUATL
9,39,CUILOXOTITLA
9,41,RANCHO SANTA MARIA TOMACOCO
9,43,APAZONALCO
9,44,TETECLA
9,45,CHICHINA
9,47,SACROMONTE
9,51,BETANIA
9,52,RANCHO SAN MIGUEL
9,54,EL CRUCERO
9,55,FELIPE DEL ROSARIO LOPEZ
9,57,EL MALACO
9,58,TEMOSTITLA
9,60,RANCHO SAN RAFAEL
9,62,EL CAPRICHO
9,64,LA COVADONGA
9,66,SAN PEDRO
9,68,NESTOR SORIANO
9,71,RANCHO CHICHINA
9,90,RANCHO LOS MARTINEZ
9,92,CABAÑA DE LOS CINEMATOGRAFISTAS
9,94,RANCHO MANUEL ARIAS AGUIRRE
9,103,LOS ARBOLES DE NAVIDAD
9,106,EL RISCO
9,108,LAS TINAJAS
9,122,LOS ELECTRICISTAS
9,125,RANCHO XIMOCO
9,126,RANCHO CHUPICUARO
10,1,APAXCO DE OCAMPO
10,2,SANTA MARIA APAXCO
10,3,COYOTILLOS
10,4,COLONIA INDUSTRIAL
10,5,COLONIA JUAREZ
10,6,COLONIA EL MIRADOR
10,7,PEREZ DE GALEANA
10,8,EL PIXCUAY
10,10,COLONIA TRES DE MAYO
10,11,EL TABLON
10,12,LA TARGEA
10,13,COLONIA SANTA CRUZ
11,1,SAN SALVADOR ATENCO
11,2,SAN CRISTOBAL NEXQUIPAYAC
11,3,SANTA ISABEL IXTAPAN
11,4,FRANCISCO I. MADERO
11,5,EX HACIENDA LA GRANDE
11,7,NUEVA SANTA ROSA
11,8,EJIDOS DE ZAPOTLAN
11,9,EL CHILELECO
11,13,EJIDO DE NEXQUIPAYAC
11,14,"LA PASTORIA, EJIDOS DE ZAPOTLAN"
11,16,EJIDO DE SAN SALVADOR ATENCO
11,17,EJIDO DE SAN FERMIN ATENCO
11,18,EJIDO SAN ANDRES
11,19,EJIDO DE LOS AHUEHUETES
11,20,EJIDO LA MAGDALENA
12,1,SANTA CRUZ ATIZAPAN
12,2,LA LIBERTAD
12,3,SAN JOSE TEPETZOCO
13,1,CIUDAD ADOLFO LOPEZ MATEOS
13,3,MADIN
13,4,PUEBLO CHILUCA
14,1,ATLACOMULCO DE FABELA
14,2,RIO LERMA
14,3,SAN PEDRO DEL ROSAL
14,4,SANTIAGO ACUTZILAPAN
14,5,BOBASHI DE GUADALUPE
14,6,BOMBATEVI EJIDO
14,7,CERRITO COLORADO
14,8,CUENDO
14,9,CHOSTO DE LOS JARROS
14,10,DIXIMOXI
14,11,DOLORES LA JOYA
14,12,EL ESPEJEL
14,13,LAGUNITA CANTASHI
14,14,EL MANTO (ESTACION FF.CC.)
14,15,MANTO DEL RIO PUEBLO
14,16,MANTO DEL RIO
14,17,MAYE EL FRESNO
14,18,LA MESA DE CHOSTO
14,19,LA PALMA
14,20,PRESA J.T. FABELA
14,21,EL RINCON DE LA CANDELARIA
14,22,EL SALTO
14,23,SAN ANTONIO ENCHISI
14,24,SAN BARTOLO EL ARENAL
14,25,SAN BARTOLO LANZADOS
14,26,SAN FELIPE PUEBLO NUEVO
14,27,SAN FRANCISCO CHALCHIHUAPAN
14,28,SAN IGNACIO DE LOYOLA
14,29,SAN JERONIMO DE LOS JARROS
14,30,SAN JOSE DEL TUNAL
14,31,SAN JOSE TOXI
14,32,SAN JUAN DE LOS JARROS
14,33,SAN LORENZO TLACOTEPEC
14,34,SAN LUIS BORO
14,35,SAN PABLO ATOTONILCO
14,36,SANTA CRUZ BOMBATEVI
14,37,SANTO DOMINGO SHOMEJE
14,38,TECOAC
14,39,TIERRAS BLANCAS
14,42,SAN MARTIN
14,45,LA QUERENCIA
14,46,EL ROSAL
14,47,ZONA INDUSTRIAL
14,48,SAN ISIDRO
14,49,MONTE MARIA EL NOGAL
14,50,SAN VICENTE
14,51,EL MAGUEYAL
14,52,EL RINCON DE LA CANDELARIA EJIDO
14,53,RANCHO SAN JOAQUIN
14,54,SAN FRANCISCO
14,55,LAS ANIMAS
14,57,ALCANTARILLA
14,58,SAN JOSE EL TUNAL EJIDO
14,59,COTE
14,61,SAN MARTIN DE LOS MANANTIALES
14,62,LAS TARRIAS
15,1,ATLAUTLA DE VICTORIA
15,2,SAN ANDRES TLALAMAC
15,3,SAN JUAN TEHUIXTITLAN
15,4,SAN JUAN TEPECOCULCO
15,5,LAS DELICIAS
15,6,COLONIA GUADALUPE HIDALGO
15,7,POPO PARK
15,8,TLAMACAS
15,24,RANCHO LOS VARGAS
15,34,RANCHO LOS AGUACATES
15,41,RANCHO KARINA
16,1,AXAPUSCO
16,2,JALTEPEC
16,3,ATLATECUAHUTITLAN
16,4,GUADALUPE RELINAS
16,5,HUEYAPAN
16,6,SAN ANTONIO COAYUCA
16,7,SAN ANTONIO OMETUSCO
16,8,SAN FELIPE ZACATEPEC
16,9,SAN JOSE SALINAS
16,10,SAN MIGUEL OMETUSCO
16,11,SAN NICOLAS TETEPANTLA
16,12,SAN PABLO XUCHITL
16,13,SANTA MARIA ACTIPAC
16,14,SANTO DOMINGO AZTACAMECA
16,15,TEZONCALLI
16,16,XALA
16,17,ZOAPAYUCAN
16,18,EJIDO AXAPUSCO
16,19,CRUCERO SANTO DOMINGO
16,20,CUAUHTEMOC
16,21,ESTACION OMETUSCO
16,23,SANTA ANA
16,24,TECUAHUTITLAN
16,25,EJIDO TEPEYAHUALCO
16,26,TLALAYOTE
16,27,TLAMAPA
16,28,RANCHERIA ZACATEPEC
17,1,AYAPANGO DE GABRIEL RAMOS MILLAN
17,3,SAN BARTOLOME MIHUACAN
17,4,SAN CRISTOBAL POXTLA
17,5,SAN DIEGO CHALCATEPEHUACAN
17,6,SAN JUAN EVANGELISTA TLAMAPA
17,7,SAN MARTIN PAHUACAN
17,16,(VALLE DE LOBOS) RANCHO SAN JOSE DE AYAPANGO
17,19,CAMINO A POXTLA
17,20,GRANJA EL LUCERO
17,21,RANCHO SAN MIGUEL
17,38,EX-HACIENDA DE SAN ANDRES TETICPAN (RETANA)
17,39,LA TRONCONERA
18,1,CALIMAYA DE DIAZ GONZALEZ
18,2,LA CONCEPCION COATIPAC
18,3,SAN ANDRES OCOTLAN
18,4,SAN LORENZO CUAUHTENCO
18,5,SAN BARTOLITO
18,6,SANTA MARIA NATIVITAS (TARIMORO)
18,7,ZARAGOZA DE GUADALUPE
18,9,SAN DIEGO LA HUERTA
18,10,SAN MARCOS DE LA CRUZ
18,13,SAN CRISTOBAL
19,1,CAPULHUAC DE MIRAFUENTES
19,2,SAN MIGUEL ALMAYA
19,3,AGUA BLANCA
19,4,GUADALUPE VICTORIA
19,5,SAN ISIDRO TEHUALTEPEC
19,6,SAN NICOLAS TLAZALA
19,10,LOMA DE SN. JUAN
19,11,LAS PARCELAS
19,13,SANTA MARIA COAXUSCO
20,1,COACALCO DE BERRIOZABAL
21,1,COATEPEC HARINAS
21,2,ACUITLAPILCO
21,3,COLONIA ADOLFO LOPEZ MATEOS
21,4,AGUA AMARGA
21,5,AGUA BENDITA
21,6,ALTA DE LAJA AZUL
21,7,BAJA DE LAJA AZUL
21,8,EL CEDRITO
21,9,LA CERCADA
21,10,COCHISQUILA
21,11,COLONIA EL POTRERO
21,12,COLONIA GUADALUPE HIDALGO
21,13,LA CONCHITA
21,14,CRUZ DE PIEDRA
21,15,CHILTEPEC DE HIDALGO
21,16,LOS FRESNOS
21,17,LA GALERA
21,18,HUAYANALCO
21,19,IXTLAHUACA DE VILLADA
21,20,LOMA DE ACUITLAPILCO
21,21,LLANO GRANDE DE LA LIBERTAD
21,22,LAS MESAS
21,23,MEYUCA DE MORELOS
21,24,MONTE DE LAS VUELTAS
21,25,POTRERO REDONDO
21,26,PUERTA DEL CARMEN
21,27,EL PICACHO
21,28,PLAN DE SAN FRANCISCO
21,29,PRIMERA DE ANALCO
21,30,PRIMERA DEL MONTE
21,31,PRIMERA DE SANTA ANA
21,32,EL REYNOSO
21,33,SAN FERNANDO
21,34,SAN JOSE DEL PROGRESO
21,35,SAN LUIS
21,36,SAN MARTIN EL SALTO
21,37,SEGUNDA DE ANALCO
21,38,SEGUNDA DEL MONTE
21,39,SEGUNDA DE SANTA ANA
21,40,SEGUNDA DE ZACANGUILLO
21,41,TECOLOTEPEC
21,42,EL TELAR
21,43,TEOCOTITLA
21,44,LAS VUELTAS
21,46,LA LAGUNA
21,47,EL POTRERITO
21,48,SAN PEDRO
21,49,CUENTLA
21,50,ZACATONES
21,51,CAPULIN REDONDO
21,52,SANTO NIÑO
21,53,PIEDRAS ANCHAS
22,1,COCOTITLAN
22,2,SAN ANDRES METLA
22,5,CARRETERA MEXICO - CUAUTLA 15.5
22,6,CASTILLO GALICIA
22,7,LA Y
22,14,EJIDOS DE COCOTITLAN
22,17,CHALCO - JUCHITEPEC
23,1,COYOTEPEC
23,2,SAN FRANCISCO
23,3,LA PLANADA
23,4,COLONIA EJIDAL
24,1,CUAUTITLAN
24,2,SAN MATEO IXTACALCO
24,3,DOS RIOS SEGUNDA SECCION
24,4,EL FRESNO
24,5,HACIENDA SAN MATEO
24,6,EL MIRADOR
24,7,EJIDO DE SAN MATEO IXTACALCO
24,8,EL PARAISO
24,9,PUENTE LA CRUZ
24,11,RANCHO TENERIA
24,13,SAN ROQUE
24,14,SANTA MARIA HUECATITLA
24,15,LA SOLEDAD
24,17,LA TRINIDAD
24,18,VENECIA
24,19,XALTIPA
24,20,SAN JOSE PUENTE GRANDE
24,22,MACHERO
24,23,RANCHO GALEAZZI
24,24,CHINAMPA
24,27,LA LAGUNA
24,28,RANCHO PILAR PALLARES
24,29,RANCHO SANTA MONICA
24,30,SAN FRANCISCO TENOPALCO
24,31,RANCHO EL TERREMOTO
24,32,SANTA MARIA TULTEPEC
24,33,RANCHO VILLA MARIA
24,34,RANCHO LA MARGARITAS
24,35,RANCHO LAS PALOMAS
24,36,RANCHO BETANIA
24,37,RANCHO SAN IGNACIO
24,38,RANCHO SANTA AMADA
24,39,EJIDO LA REFORMA
24,40,CUATRO CAMINOS
24,41,RANCHO LA GARITA
24,42,RANCHO SANTA CRUZ
24,43,EJIDO VILLA MARIA
25,1,CUAUTITLAN IZCALLI
25,2,SAN JOSE HUILANGO
25,3,AXOTLAN (PUEBLO)
25,4,EJIDO AXOTLAN
25,5,EL ROSARIO
25,6,SAN FRANCISCO TEPOJACO
25,7,EJIDO SAN MARTIN TEPETLIXPAN
25,8,EJIDO SANTA MARIA TIANGUISTENGO
25,9,SAN PABLO DE LOS GALLOS
25,10,EL CERRITO
26,1,CHALCO DE DIAZ COVARRUBIAS
26,2,SAN GREGORIO CUAUTZINGO
26,3,SAN JUAN Y SAN PEDRO TEZOMPA
26,4,SAN MARCOS HUIXTOCO
26,5,SAN MARTIN CUAUTLALPAN
26,6,SAN MATEO HUITZILZINGO
26,7,SAN MATEO TEZOQUIPAN
26,8,SAN PABLO ATLAZALPAN
26,9,SANTA CATARINA AYOTZINGO
26,10,SANTA MARIA HUEXOCULCO
26,11,RANCHO OCOTEPEC
26,13,RANCHO LA CHIMENEA
26,14,RANCHO SAN MIGUEL
26,19,LA CANDELARIA TLAPALA
26,26,LOMAS DE SAN PABLO
26,31,RANCHO EL MORAL
26,34,SAN LUCAS AMALINALCO
26,45,SANTA CRUZ
26,53,RANCHO TLALPIPI
26,54,RANCHO NUEVO EL AHUEHUETE
26,62,FRACCIONAMIENTO SAN MIGUEL
26,65,CASERIO DE CORTES
26,70,CANTOREAS
26,79,HORNOS DE CUAUTZINGO 1
26,81,LA CUCHILLA
26,83,GRANJA LA GUADALUPANA
27,1,CHAPA DE MOTA
27,2,LA ALAMEDA
27,3,LAS ANIMAS
27,4,EL ARENAL
27,5,BARAJAS
27,6,BODENQUI
27,7,CADENQUI
27,8,EL CHABACANO
27,9,LA CONCEPCION
27,10,DAMATE
27,11,DANXHO
27,12,DONGU
27,13,EJIDO DE BARAJAS
27,14,LA ESPERANZA
27,15,LA LADERA
27,16,LA LOMA
27,17,MACAVACA
27,18,MEFI
27,19,LA PALMA
27,20,EL PUERTO
27,21,EL QUINTE
27,22,SAN FELIPE COAMANGO
27,23,SAN FRANCISCO DE LAS TABLAS
27,24,SAN GABRIEL
27,25,SAN JUAN TUXTEPEC
27,26,SANTA ELENA
27,27,SANTA MARIA
27,28,LA SOLEDAD
27,29,TENJAY
27,30,VENTEY
27,31,VENU
27,32,XHOÑE
27,33,XHOTE
27,34,SAN FELIPE COAMANGO EJIDO
27,36,LOS LIMONES
27,37,EL SALTO
27,38,SAN JOSE AMPABI
28,1,CHAPULTEPEC
29,1,SAN ANDRES CHIAUTLA
29,2,AMAJAC
29,3,ATENGUILLO
29,4,LA CONCEPCION
29,6,NONOALCO
29,7,OCOPULCO
29,8,SAN ANTONIO TEPETITLAN
29,9,SAN BARTOLO IXQUITLAN
29,10,SAN LUCAS
29,11,SANTIAGO CHIMALPA
29,12,TLALTECAHUACAN
30,1,CHICOLOAPAN DE JUAREZ
30,7,RANCHO COXTITLAN
30,10,RANCHO TLALMIMILOLPAN
30,11,LA TRINIDAD
31,1,CHICONCUAC DE JUAREZ
32,1,CHIMALHUACAN
32,8,LA COPALERA
32,9,EJIDO DE CHIMALHUACAN
32,13,TOTOLCO
33,1,ASUNCION DONATO GUERRA
33,2,BATAN CHICO
33,3,BATAN GRANDE
33,4,CABECERA DE INDIGENAS SEGUNDO CUARTEL
33,5,EL CAPULIN
33,6,LLANO REDONDO DE ZARAGOZA
33,7,MESAS ALTAS DE XOCONUSCO
33,8,SAN AGUSTIN DE LAS PALMAS
33,9,SAN ANTONIO DE LA LAGUNA
33,10,RANCHERIA DE SAN ANTONIO HIDALGO
33,11,SAN FRANCISCO MIHUALTEPEC
33,12,SAN JUAN XOCONUSCO
33,13,SAN LUCAS TEXCALTITLAN
33,14,SAN MARTIN OBISPO (1)
33,15,SAN MARTIN OBISPO (2)
33,16,SAN MIGUEL XOOLTEPEC
33,17,SAN SIMON DE LA LAGUNA
33,18,SANTIAGO HUITLAPALTEPEC
33,19,LAS CANOAS
33,20,EJIDO SAN LUCAS TEXCALTITLAN
33,21,BARRIO DE ARRIBA DE SAN JUAN XOCONUSCO
33,22,LA FUNDICION
33,23,MACHEROS
33,24,LA NOPALERA
33,25,GALERAS
33,26,CABECERA DE INDIGENAS PRIMER CUARTEL
33,27,EL ZAPOTE
33,28,LA CUADRILLA
33,29,EL EJIDO
33,30,BARRIO DE LA CAPILLA
33,31,LINDERO
33,32,LA MESA
33,33,AMPLIACION DE SANTIAGO HUITLAPALTEPEC
33,34,VICUAROS
34,1,ECATEPEC DE MORELOS
35,1,ECATZINGO DE HIDALGO
35,2,SAN MARCOS TECOMAXUSCO
35,3,SAN JUAN TLACOTOMPA
35,15,OXPANCO
35,17,TIPICILA
36,1,HUEHUETOCA
36,2,EX-HACIENDA DE XALPA
36,5,CASA NUEVA
36,6,EJIDO DE XALPA
36,7,JOROBAS
36,8,PUENTE GRANDE
36,11,EL SALITRILLO
36,12,SAN BARTOLO
36,14,SAN MIGUEL JAGUEYES
36,15,SAN PEDRO XALPA
36,16,SANTA MARIA
36,17,XALPA
36,18,SANTIAGO TLALTEPOXCO
36,20,RANCHO EL ROCIO
36,21,EL DORADO
36,22,HACIENDA LAS MISIONES
37,1,HUEYPOXTLA
37,2,SAN FRANCISCO ZACACALCO
37,3,SAN MARCOS JILOTZINGO
37,4,SANTA MARIA AJOLOAPAN
37,5,EL CARMEN
37,6,EMILIANO ZAPATA
37,7,GUADALUPE DE NOPALA
37,8,SAN JUAN CASA BLANCA
37,9,SAN MIGUEL TEPETATES
37,10,SAN PEDRO LA GLORIA
37,11,TEZONTLALPAN DE ZAPATA
37,12,TIANGUISTONGO
38,1,HUIXQUILUCAN DE DEGOLLADO
38,2,DOS RIOS
38,3,JESUS DEL MONTE
38,4,LA MAGDALENA CHICHICASPA
38,5,SAN BARTOLOME COATEPEC
38,6,SANTA CRUZ AYOTUXCO
38,7,ZACAMULPA
38,8,AGUA BENDITA
38,9,AGUA BLANCA
38,10,LA CAÑADA
38,11,EL CERRITO
38,12,IGNACIO ALLENDE
38,13,SAN JOSE HUILOTEAPAN
38,14,EL LAUREL
38,15,LLANO GRANDE
38,16,PIEDRA GRANDE
38,17,SAN CRISTOBAL TEXCALUCAN
38,18,SAN FRANCISCO AYOTUXCO
38,19,SAN JACINTO
38,20,SAN JUAN YAUTEPEC
38,21,SANTIAGO YANCUITLALPAN
38,22,EL ARENAL
38,23,SANTA CRUZ AYOTUXCO
38,24,BARRIO DE SAN RAMON
38,25,LA CIMA
38,26,EJIDO LA MAGDALENA CHICHICASPA
38,27,LAS CANTERAS
38,29,LA GLORIETA
38,30,EL GUARDA
38,31,EL OBRAJE
38,32,EL PALACIO
38,33,EL MIRADOR
38,34,PARAJE LA PERA
38,35,PARAJE TREJO
38,36,EL PEDREGAL
38,40,XIGUIRO
38,41,EL HIELO
38,42,BARRIO EL PLAN
38,43,BOSQUE REAL
39,1,TLAZALA DE FABELA
39,2,LA AURORA
39,4,CAÑADA DE ONOFRES
39,5,EJIDO LA SOLEDAD
39,6,LOS JARROS
39,7,JUAN LARGO
39,8,LOS LAURELES
39,9,MIRAFLORES
39,10,COLONIA LA PALMA
39,11,LAS PALOMAS
39,12,PANALES
39,13,RANCHO DE LARA
39,14,AMPLIACION EJIDO DE TLAZALA
39,15,LAS CANOITAS
39,16,CASHTE
39,17,ENDEGUIDO
39,18,EJIDO MIRAFLORES
39,19,EJIDO LA PALMA
39,20,EL LAVADERO
39,21,TLAZALA
39,22,XITOXI
40,1,IXTAPALUCA
40,2,COATEPEC
40,3,JORGE JIMENEZ CANTU
40,4,RIO FRIO DE JUAREZ
40,5,SAN FRANCISCO ACUAUTLA
40,8,EL GUARDA
40,11,RANCHO LOS CEDROS
40,17,GENERAL MANUEL AVILA CAMACHO
40,18,LLANO GRANDE
40,20,PUEBLO NUEVO
40,21,RANCHO VIEJO
40,24,COLONIA ZOQUIAPAN
40,30,LOS VERGELES
40,35,EJIDO CHILILICO
40,36,EL 39
40,37,RANCHO EL CORAZON
40,40,EL 40
40,43,CERRO DE LA ABUNDANCIA
40,45,LINDEROS DE IXTAPALUCA
40,46,CAMINO MINA ROSITA
40,54,SAN JERONIMO CUATRO VIENTOS
40,55,RANCHO LOS DURAZNOS
40,56,RANCHO DE LA CRUZ
40,9000,VILLAS DE ANTORCHA
41,1,IXTAPAN DE LA SAL
41,2,EL ABROJO
41,3,EL ARENAL DE LAS OLLAS
41,4,COAXUSCO
41,5,LLANO DE LA UNION
41,6,MALINALTENANGO
41,7,MESON NUEVO
41,8,AHUACATITLAN
41,9,LOS NARANJOS
41,10,PLAN DE SAN MIGUEL
41,11,PUERTA GRANDE
41,12,EL REFUGIO
41,13,EL SALITRE
41,14,SAN ALEJO
41,15,SAN DIEGO ALCALA
41,16,SAN JOSE DEL ARENAL
41,17,SAN MIGUEL LADERAS
41,18,SANTA ANA XOCHUCA
41,19,TECOMATEPEC
41,20,TLACOCHACA
41,21,YAUTEPEC
41,22,YERBAS BUENAS
41,24,COLONIA BENITO JUAREZ
41,27,SAN PEDRO TLACOCHACA
41,28,SAN PABLO
41,29,EL RINCON DE DIOS
41,30,LLANO DE SAN DIEGO
41,31,PORTOZUELOS
42,1,IXTAPAN DEL ORO
42,2,AYALITA
42,3,LA CALERA DE LOS GALLOS
42,4,EL CHILAR
42,5,EJIDO DE MIAHUATLAN
42,6,LA MESA DE SAN MARTIN
42,7,MIAHUATLAN DE HIDALGO
42,8,MILPILLAS
42,9,LA PUERTA
42,10,SAN MARTIN OCOXOCHITEPEC
42,11,SAN MIGUEL IXTAPAN
42,12,SAN TELMO
42,13,SANTA CRUZ VIEJO
42,14,EL TEPERREAL
42,15,TUTUAPAN
42,16,SABANILLA
42,17,CASAS LARGAS
42,19,LA PALMA
42,20,PEÑA COLORADA
42,21,LA MESA DE LOS ADOBES
43,1,IXTLAHUACA DE RAYON
43,2,LA CONCEPCION DE LOS BAÑOS
43,3,EMILIANO ZAPATA
43,4,SAN BARTOLO DEL LLANO
43,5,SAN LORENZO TOXICO
43,6,SAN PEDRO DE LOS BAÑOS
43,7,SANTA MARIA DEL LLANO
43,8,SANTO DOMINGO DE GUZMAN
43,9,LA CONCEPCION ENYEGE
43,10,DOLORES ENYEGE
43,11,ESTACION DEL F.F.C.C.
43,12,COLONIA FRANCISCO I. MADERO
43,13,LA GUADALUPANA
43,14,GUADALUPE CACHI
43,15,GUADALUPE DEL RIO
43,16,HUEREJE
43,17,JALPA DE DOLORES
43,18,JALPA DE LOS BAÑOS
43,19,LA PURISIMA
43,20,EL RINCON DE LOS PERALES
43,21,SAN ANDRES DEL PEDREGAL
43,22,SAN ANTONIO BONIXI
43,23,SAN ANTONIO DE LOS REMEDIOS
43,24,SAN CRISTOBAL DE LOS BAÑOS
43,25,SAN FRANCISCO DE GUZMAN
43,26,SAN FRANCISCO IXTLAHUACA
43,27,SAN FRANCISCO DEL RIO
43,28,SAN ILDEFONSO
43,29,SAN ISIDRO BOXIPE
43,30,SAN JERONIMO IXTAPANTONGO
43,31,SAN JOAQUIN LA CABECERA
43,32,SAN JOAQUIN EL JUNCO
43,33,SAN JOSE DEL RIO
43,34,SAN JUAN DE LAS MANZANAS
43,35,SAN MATEO
43,36,SAN MIGUEL EL ALTO
43,37,SAN MIGUEL ENYEGE
43,38,SAN PABLO DE LOS REMEDIOS
43,39,SAN PEDRO (BARRIO DE SAN PEDRO)
43,40,SANTA ANA IXTLAHUACA
43,41,SANTA ANA LA LADERA
43,42,BARRIO DE SHIRA
43,43,BARRIO LAS TROJES
43,44,LA CAÑADA
43,45,HUEREJE SANTO DOMINGO
43,46,SAN IGNACIO DEL PEDREGAL
43,50,SAN JOSE HUEREJE
43,51,COLONIA VICENTE GUERRERO
43,52,EJIDO DE LA CONCEPCION DE LOS BAÑOS I
43,53,EJIDO 20 DE NOVIEMBRE
43,54,EJIDO DE SAN LORENZO TOXICO MANZANA 6
43,55,EJIDO DE SAN LORENZO TOXICO MANZANAS 5 Y 8
43,56,EJIDO DE SAN LORENZO TOXICO MANZANA 7
43,57,LA LOMITA
43,58,SAN FRANCISCO
44,1,XALATLACO
44,2,EL AGUILA
44,3,EL CAPULIN
44,4,CRUZ LARGA
44,5,CUEXAPA
44,6,SANTA FE MEZAPA
44,7,MORELOS
44,8,EL POTRERO
44,9,LOS TEJOCOTES
44,10,SAN JUAN TOMASQUILLO
44,11,TECHICHILI
44,12,MEZAPA LA FABRICA
45,1,JALTENCO
45,2,ALBORADA JALTENCO
45,6,RANCHO BUENOS AIRES
45,8,RANCHO LOS GUTIERREZ
45,9,LA LAGUNILLA
45,10,RANCHO MARQUEZ
45,12,EXHACIENDA DE SANTA INES
45,13,GRANJA ALFERES
45,14,RANCHO EL CHARCO
45,16,GRANJA MARIA CLARA
45,17,RANCHO LA MONTANA
45,18,GRANJA LOS PIRULES
46,1,JILOTEPEC DE ANDRES MOLINA ENRIQUEZ
46,2,SAN JUAN ACAZUCHITLAN
46,3,CALPULALPAN
46,4,CANALEJAS
46,5,COSCOMATE DEL PROGRESO
46,6,SAN PABLO HUANTEPEC
46,7,ALDAMA
46,8,BUENAVISTA
46,9,LA COMUNIDAD
46,10,DANXHO
46,11,DEDENI DOLORES
46,12,DEXCANI ALTO
46,13,DEXCANI BAJO
46,14,DOXHICHO
46,15,EL DURAZNO DE CUAUHTEMOC
46,16,EL DURAZNO DE GUERRERO
46,17,EMILIANO ZAPATA
46,18,LAS HUERTAS
46,20,LLANO GRANDE
46,21,EL MAGUEYAL
46,22,LOS MAGUEYCITOS
46,23,EL MAJUAY
46,24,LAS MANZANAS
46,26,LA MAQUEDA
46,27,MATAXHI
46,28,PALO ALTO
46,29,EL RINCON
46,30,EL ROSAL
46,31,EL SALTILLO
46,32,SAN IGNACIO
46,33,SAN LORENZO NENAMICOYAN
46,34,SAN LORENZO OCTEYUCO
46,35,SAN MARTIN TUCHICUITLAPILCO
46,36,SAN MIGUEL DE LA VICTORIA
46,37,SANTIAGO OXTHOC
46,38,TECOLAPAN
46,39,TEUPAN
46,40,XHIMOJAY
46,41,EL XHITEY
46,42,XHIXHATA
46,44,AGUA ESCONDIDA
46,47,EJIDO SAN JUAN ACAZUCHITLAN
46,58,EL DENJI
46,61,EL GIRASOL
46,62,"JILOTEPEC, EJIDO"
46,63,LAS MANZANAS EJIDO
46,65,OJO DE AGUA
46,69,EL PEDREGAL
46,70,EL POTRERO NUEVO
46,76,EJIDO SAN ANTONIO
46,80,EJIDO COSCOMATE
46,81,LA HUARACHA
46,82,EJIDO SAN LORENZO OCTEYUCO
46,84,OCTEYUCO 2000
46,85,SANTA MARTHA DE LA CRUZ
46,86,SAN SEBASTIAN DE JUAREZ
46,87,EL FRESNO
47,1,SANTA ANA JILOTZINGO
47,2,SAN LUIS AYUCAN
47,3,ESPIRITU SANTO
47,4,SAN MIGUEL TECPAN
47,5,SANTA MARIA MAZATLA
47,6,LA CUESTA
47,7,DODITAY
47,8,ENCIDO
47,9,LAS MANZANAS
47,10,RANCHO BLANCO
47,11,DANGU
47,12,DONGU
47,13,LOS GALLOS
47,14,EJIDO DE SANTA MARIA MAZATLA
47,15,QUISHIGUADA
47,16,SANTA ANA
48,1,SAN JUAN JIQUIPILCO
48,2,SAN FELIPE SANTIAGO
48,3,BOXIMO
48,4,DOLORES AMARILLAS
48,6,EJIDO LOMA DE MALACOTA
48,7,EJIDO LLANO GRANDE
48,8,EJIDO MAÑI
48,9,EJIDO SANTA MARIA NATIVITAS
48,10,COLONIA EMILIANO ZAPATA
48,11,EL JARAL
48,12,LOMA HERMOSA
48,13,LOMA DE HIDALGO
48,14,LOMA DE SAN FELIPE SANTIAGO
48,15,LOMA DEL SITIO
48,16,LOMA VICENTE GUERRERO
48,17,LOMA DEL MADROÑO
48,18,RANCHERIA DE MAÑI (EX HACIENDA DE MAÑI)
48,19,MOXTEJE
48,20,LA NOPALERA
48,21,PIE DEL CERRO
48,22,EL PORTEZUELO
48,23,RANCHO COLORADO
48,24,SAN ANTONIO NIXINI
48,25,SAN BARTOLO OXTOTITLAN
48,26,SAN FRANCISCO EL ALTO
48,27,SAN JOSE DEL SITIO
48,28,SAN MARTIN MORELOS
48,29,SAN MIGUEL YUXTEPEC
48,30,SANTA CRUZ TEPEXPAN
48,31,SANTA ISABEL
48,32,SANTA MARIA NATIVITAS
48,33,RANCHERIA DE SILA
48,34,COLONIA MORELOS
48,35,RANCHO ALEGRE
48,36,BUENOS AIRES
48,37,"COLONIA BENITO JUAREZ, SAN FELIPE Y SANTIAGO"
48,38,MANZANA SEXTA
48,39,MANZANA CUARTA
48,40,MANZANA SEGUNDA
48,41,QUINTA MANZANA
48,42,MANZANA TERCERA BODO
48,43,LA PASTORA
48,45,SAN ISIDRO
48,46,HACIENDA NIXINI
48,48,MANZANA PRIMERA LA CAPILLA
48,49,LOMA DEL ASTILLERO
48,50,LAS PALOMITAS
48,51,LOS QUIROZ
48,52,RANCHO EL ROCIO
48,53,SANTA LUCIA
48,54,TIERRA BLANCA
48,55,BARRIO LA PURISIMA
48,56,SECCION DEL CERRITO
48,57,MANZANA TERCERA PANTHE
48,58,MANZANA TERCERA TAXTHE
48,59,EJIDO DE MOXTEJE
48,60,LAS GOLONDRINAS
48,61,SANTA MARIA NATIVITAS EL COLECTOR
48,62,MANZANA TERCERA JUASHI
48,63,SAN FRANCISCO PORTEZUELOS
48,64,MANZANA SEXTA PARTE ORIENTE
48,65,MANZANA SEXTA PARTE ALTA
48,66,LOMA DE SAN PEDRO
48,67,LOS ORTICES
49,1,CIUDAD DE JOCOTITLAN
49,2,MAVORO
49,3,LOS REYES
49,4,SAN JUAN COAJOMULCO
49,5,SAN MIGUEL TENOCHTITLAN
49,6,SANTA MARIA CITENDEJE
49,7,LAS ANIMAS VILLEJE
49,8,BARRIO DE GUADALUPE
49,9,BARRIO DEL PROGRESO
49,10,BOYECHA
49,11,BUENAVISTA
49,12,CONCEPCION CARO
49,13,LAS FUENTES YECHE
49,14,HUEMETLA
49,15,EL LINDERO
49,16,MEJE
49,17,OJO DE AGUA
49,18,PASTEJE
49,19,LA PROVIDENCIA
49,20,SAN FRANCISCO CHEJE
49,21,SAN JACINTO
49,22,SAN JOAQUIN
49,23,SAN JOSE BOQUI
49,24,SAN JOSE DE VILLEJE
49,25,SAN MARCOS COAJOMULCO
49,26,SANTA CLARA
49,27,SANTA MARIA ENDARE
49,28,SANTIAGO CASANDEJE
49,29,SANTIAGO YECHE
49,30,LA TENERIA
49,32,TIACAQUE
49,33,LA VENTA
49,34,ZACUALPAN
49,35,SIFFARI
49,39,HACIENDA ALCIBAR
49,42,ENGUINDO
49,44,BARRIO ENGASEME
49,45,BARRIO LA ERA
49,46,EL RUSO
49,48,COLONIA SAN JUAN COAJOMULCO
49,49,CHEJE EJIDO
49,50,ENDAVATI
49,51,LOS JAVIERES
49,53,LA LUZ
49,54,LA MANGA
49,56,TULA
49,57,SAN DIMAS
49,58,LA SOLEDAD
49,59,EJIDO DE LA PROVIDENCIA
49,60,CASA BLANCA
49,61,LA VENTA YECHE
49,62,15 DE AGOSTO
49,63,EL HUERTO
49,64,LOMA DE ENDARE
50,1,JOQUICINGO DE LEON GUZMAN
50,2,TECHUCHULCO DE ALLENDE
50,3,EL GUARDA DEL GUERRERO
50,4,MAXTLECA DE GALEANA
50,5,SAN MIGUEL DE OCAMPO
51,1,JUCHITEPEC DE MARIANO RIVA PALACIO
51,2,SAN MATIAS CUIJINGO
51,5,RANCHO SANTO DOMINGO
51,23,EL MADROÑO
52,1,LERMA DE VILLADA
52,2,COLONIA ALVARO OBREGON
52,3,SAN MIGUEL AMEYALCO
52,4,SAN NICOLAS PERALTA
52,5,SANTA MARIA ATARASQUILLO
52,6,SAN PEDRO TULTEPEC
52,7,COLONIA AGRICOLA ANALCO
52,8,AMOMOLULCO
52,9,BARRANCA GRANDE
52,10,CAÑADA DE ALFERES
52,11,LA CONCEPCION XOCHICUAUTLA
52,12,SANTA CRUZ CHIGNAHUAPAN
52,13,EL ESPINO PERALTA
52,14,FLOR DE GALLO HUITZIZILAPAN
52,15,COLONIA GUADALUPE VICTORIA
52,16,COLONIA ADOLFO LOPEZ MATEOS HUITZIZILAPAN
52,17,LAS MESAS HUITZIZILAPAN
52,18,METATE VIEJO TLALMIMILOLPAN
52,19,PUEBLO NUEVO TLALMIMILOLPAN
52,20,REFORMA TLALMIMILOLPAN
52,21,SALAZAR
52,22,SAN AGUSTIN HUITZIZILAPAN
52,23,SAN FRANCISCO XOCHICUAUTLA
52,24,SAN JOSE EL LLANITO
52,25,SAN LORENZO HUITZIZILAPAN
52,26,SAN MARTIN HUITZIZILAPAN
52,27,SAN PEDRO HUITZIZILAPAN
52,28,SANTA CATARINA
52,29,SANTA MARIA TLALMIMILOLPAN
52,30,SANTIAGO ANALCO
52,31,LA UNIDAD HUITZIZILAPAN
52,32,ZACAMULPA HUITZIZILAPAN
52,33,ZACAMULPA TLALMIMILOLPAN
52,34,SANTA CRUZ HUITZIZILAPAN
52,35,SAN MATEO ATARASQUILLO
52,37,SANTA CRUZ TULTEPEC
52,38,COLONIA N DEXI HUITZIZILAPAN
52,39,ISIDRO FABELA
52,40,EMILIANO ZAPATA
53,1,MALINALCO
53,2,CHALMA
53,3,AMATE AMARILLO
53,4,LA ANGOSTURA
53,5,COLONIA ALDAMA
53,6,COLONIA EMILIANO ZAPATA
53,7,COLONIA HIDALGO
53,8,COLONIA JUAREZ
53,9,LA HUERTA
53,10,JALMOLONGA
53,11,JESUS MARIA
53,12,LA LADRILLERA
53,13,LA LOMA
53,14,MONTE GRANDE
53,15,NOXTEPEC DE ZARAGOZA
53,16,PACHUQUILLA
53,17,PALMAR DE GUADALUPE
53,18,PALO DULCE
53,19,PLANTA ALAMEDA
53,20,EL PLATANAR
53,21,EL PUENTECITO
53,22,EL PUENTE CAPORAL
53,23,SAN ANDRES NICOLAS BRAVO
53,24,SAN NICOLAS
53,25,SAN PEDRO CHICHICASCO
53,26,SAN SEBASTIAN
53,27,SAN SIMON EL ALTO
53,28,SANTA MARIA XOQUIAC
53,29,LOS TEPEHUAJES
53,30,TEPOPULA
53,31,EL ZAPOTE
53,32,EL CERRO PELON
53,33,EL OBRADOR
53,34,COLAPA
53,35,CHICHICASCO VIEJO
53,38,LOS CAMPOS DE SAN MARTIN
53,39,LOMA DEL COPORO
53,40,CASA BLANCA
54,1,MELCHOR OCAMPO
54,2,EL BAÑADERO
54,3,COLONIA DOS DE SEPTIEMBRE
54,6,LOMAS DE TENOPALCO
54,7,RANCHO EL MECATE
54,8,RANCHO LAS MERCEDES
54,9,LA PALMA
54,10,SAN FRANCISCO TENOPALCO
54,14,RANCHO EL COLORADO
54,15,COLONIA LA FLORIDA
54,21,RANCHO SANTA MONICA
54,23,COLONIA REVOLUCION O PARAJE LA LOMA
55,1,METEPEC
55,2,SANTA MARIA MAGDALENA OCOTITLAN
55,3,SAN BARTOLOME TLALTELULCO
55,4,SAN GASPAR TLAHUILILPAN
55,6,SAN MIGUEL TOTOCUITLAPILCO
55,7,COLONIA ALVARO OBREGON
55,9,COLONIA MODERNA SAN SEBASTIAN
55,11,SAN SEBASTIAN
55,12,SAN LUCAS TUNCO
56,1,MEXICALTZINGO
56,3,SAN ISIDRO
57,1,SAN BARTOLO MORELOS
57,2,SAN LORENZO MALACOTA
57,3,SAN MARCOS TLAZALPAN
57,4,SANTA CLARA DE JUAREZ
57,5,CAXBONCUAC
57,6,LA EPIFANIA EJIDO
57,7,SAN JOSE LA EPIFANIA
57,8,EJIDO SAN ANTONIO
57,9,RANCHERIA SAN ANTONIO
57,10,SAN GREGORIO MACAPEXCO
57,11,SAN SEBASTIAN BUENOS AIRES
57,12,EJIDO SANTA CRUZ
57,13,HACIENDA SANTA CRUZ
57,14,LAS TINAJAS
57,15,TLALPUJAHUILLA
57,16,XHINTE DE LAGOS
57,17,MOJAY
57,19,PEÑA DE LOURDES
57,20,LA MALINCHE
57,21,SAN ANTONIO TROJES
57,22,BARRIO DE BUENAVISTA
57,23,BARRIO CUARTO
57,24,BARRIO PRIMERO
57,25,BARRIO TERCERO
57,26,LA BELTRAN
57,27,LA CAÑADA
57,28,LA COFRADIA
57,29,BARRIO FRANCISCO I MADERO
57,30,LA FINCA
57,31,LAGUNA SECA
57,32,SAN JOSE EL QUELITE
58,1,NAUCALPAN DE JUAREZ
58,2,SAN FRANCISCO CHIMALPA
58,3,VILLA ALPINA
58,4,BARRIO DE LA LUNA
58,5,EL CAPULIN
58,6,SAN JOSE TEJAMANIL
58,7,BARRIO DE ATOTONILCO
58,8,BARRIO DE BATA
58,9,BARRIO DE CHIMALPA VIEJO
58,10,BARRIO DE DORANI
58,11,BARRIO DE MAGNOLIA
58,12,BARRIO DE TRES PIEDRAS
58,13,LA CAPILLA
58,14,EL CASTILLO
58,15,LA CEBADA
58,16,EL COBRADERO
58,17,HUERTA CHACONA
58,18,LLANO DE LAS FLORES
58,19,3 DE MAYO
58,20,LA MESAS
58,21,POZA HONDA
58,22,LAS ANIMAS
58,23,EL ROSAL
58,25,BARRIO DEXTHA
59,1,NEXTLALPAN DE FELIPE SANCHEZ SOLIS
59,2,SAN MIGUEL XALTOCAN
59,3,LOS AGUILUCHOS
59,4,CAJIGA
59,5,COMPUERTA ORIENTE
59,6,COLONIA FRACCION XVII
59,7,EXHACIENDA INES
59,10,EJIDO TENOPALCO
59,11,EJIDO VISITACION
59,12,GRANJA GATO GORDO
59,13,RANCHO GUADALUPE
59,15,JUAN MENA
59,16,LA LAGUNA
59,17,RANCHO EL MACA
59,19,PRADOS SAN FRANCISCO
59,20,GRANJA REAL
59,21,RANCHO SAN ANTONIO
59,23,SAN MATEO ACUITLAPILCO
59,24,SANTIAGO VIEJO
59,25,LOS PIRULES
59,27,EJIDO TULTEPEC
60,1,CD. NEZAHUALCOYOTL
61,1,CIUDAD NICOLAS ROMERO Y/O CENTRO HISTORICO SAN PEDRO AZCAPOTZALTONGO
61,2,SAN FRANCISCO MAGU
61,3,SAN JOSE EL VIDRIO
61,4,PROGRESO INDUSTRIAL
61,5,SANTA MARIA MAGDALENA CAHUACAN
61,6,CUARTO BARRIO CAHUACAN
61,7,BARRIO DE GUADALUPE
61,8,CAJA DE AGUA
61,9,LA CONCEPCION
61,10,LA CONCEPCION 2DA. SECCION
61,11,COLONIA MORELOS
61,12,LOS DURAZNOS
61,16,EJIDO CAHUACAN
61,17,EJIDO SAN JOSE EL VIDRIO
61,21,LA GOLONDRINA
61,23,JOYA DEL TEJOCOTE
61,25,LOMA DE GUADALUPE
61,27,LOMA DEL RIO
61,28,LOMA LARGA
61,30,PUENTECILLAS CAHUACAN
61,31,PUERTO MAGU
61,32,RANCHO LA CONCEPCION
61,33,EJIDO SAN FRANCISCO MAGU
61,34,SAN JUAN DE LAS TABLAS
61,35,SAN MIGUEL HILA
61,37,EL TRAFICO
61,38,TRANSFIGURACION
61,40,BARRIO DE LA LUZ
61,41,BARRIO EL MIRADOR
61,42,EJIDO MAGU
61,43,EL ESCLAVO
61,44,LAS ESPINAS
61,45,MIRANDA
61,46,EJIDO NUEVO
61,47,PUEBLO NUEVO
61,48,SAN JOSE
61,49,SAN PABLO DE LA CRUZ (LOS TUBOS)
61,50,LOS BARBECHOS
62,1,NOPALTEPEC
62,2,LA PUERTA
62,3,SAN FELIPE TEOTITLAN
62,4,SANTA INES AMILTEPEC
62,5,SAN MIGUEL ATEPOXCO
62,6,TEPETZINGO
62,7,VENTA DE CRUZ I
62,8,LA PALMA
62,9,VENTA DE LA CRUZ II
63,1,OCOYOACAC
63,2,LA MARQUEZA
63,3,SAN JERONIMO ACAZULCO
63,4,SAN PEDRO ATLAPULCO
63,5,SAN PEDRO CHOLULA
63,6,QUINTA LOS BARANDALES
63,8,COLONIA GUADALUPE HIDALGO
63,9,COLONIA GUADALUPE VICTORIA
63,10,COLONIA JUAREZ LOS CHIRINOS
63,11,COLONIA ORTIZ RUBIO
63,12,JAJALPA
63,13,JOQUICINGO
63,14,LOMA BONITA
63,15,LOMA DE LOS ESQUIVELES
63,16,EL PEÑON
63,17,EL PIRAME
63,18,EL PORTEZUELO
63,19,RIO HONDITO
63,20,SAN ANTONIO EL LLANITO
63,21,SANTA TERESA
63,22,TEXCALPA
63,24,COLONIA EL BELLOTAL
63,25,CAÑADA HONDA
63,26,LA CONCHITA
63,27,VALLE DEL SILENCIO
63,28,LLANO DEL COMPROMISO
63,29,COLONIA LAZARO CARDENAS
64,1,OCUILAN DE ARTEAGA
64,2,CHALMITA
64,3,SANTA MONICA
64,4,AHUATENCO
64,5,EL AHUEHUETE
64,6,AJUCHITLAN
64,7,SAN ISIDRO AMOLA
64,8,LA CAÑADA
64,9,LA CIENEGA
64,10,CINCO CAMINOS
64,11,COLONIA DOCTOR GUSTAVO BAZ
64,12,COYOLTEPEC
64,13,LA ESPERANZA
64,14,LA LAGUNITA
64,15,MEXICAPA
64,16,LA PASTORIA
64,17,EL PICACHO
64,18,PUEBLO NUEVO
64,19,EL PUENTE
64,20,REFORMA AGRARIA
64,21,SAN JUAN ATZINGO
64,22,LOS MANANTIALES
64,23,SANTA ANA
64,24,SANTA CRUZ TEZONTEPEC
64,25,SANTA LUCIA DEL PROGRESO
64,26,SANTA MARTHA
64,27,TEPETZINGO
64,28,TLECUILCO
64,29,EL TOTOC
64,30,LAS TROJES
64,31,TLATEMPA
64,32,AGUATZINGO
64,33,TLALTIZAPAN
64,35,EL CANAL
64,36,EL CAPULIN
64,37,LA HACIENDITA
64,38,LA HERRADURA
64,39,LOMAS DE TEOCALTZINGO
64,40,NATIVITAS
64,42,RINCON DE LAS BUGAMBILIAS
65,1,EL ORO DE HIDALGO
65,2,"EJIDO DE SAN NICOLAS , EL ORO (AGUA ESCONDIDA)"
65,4,BASSOCO
65,6,BUENAVISTA
65,7,EL CERRO LLORON
65,8,LOMA DE LA CIMA
65,9,CITEJE
65,10,LA CONCEPCION I
65,11,COLONIA CUAUHTEMOC
65,12,ENDOTEJIARE
65,13,COLONIA FRANCISCO I. MADERO
65,14,EL GIGANTE
65,15,LA JORDANA
65,16,LAGUNA SECA
65,17,LA MAGDALENA MORELOS
65,18,LA MESA
65,19,EL MOGOTE
65,20,LA NOPALERA
65,21,LA PALMA
65,22,PRESA BROCKMAN
65,23,PUEBLO NUEVO DE LOS ANGELES
65,24,ADOLFO LOPEZ MATEOS
65,25,SAN ISIDRO
65,26,SAN NICOLAS EL ORO
65,27,SAN NICOLAS TULTENANGO
65,28,SANTA CRUZ EL TEJOCOTE
65,29,SANTA ROSA DE GUADALUPE
65,30,SANTA ROSA DE LIMA
65,31,SANTIAGO OXTEMPAN
65,32,SANTIAGO OXTEMPAN EJIDO
65,33,LA SOLEDAD
65,34,TAPAXCO
65,35,ESTACION TULTENANGO
65,36,VENTA DEL AIRE
65,37,YOMEJE
65,40,LAZARO CARDENAS
65,41,LOMA DEL CAPULIN
65,42,LLANO CUATRO
65,45,LA CONCEPCION II
65,46,EL CRUCERO
65,50,SAN JOSE
65,51,SAN JUAN BOSCO
65,52,BARRIO DE PEÑITAS
65,53,"EL MORTERO, EJIDO SANTIAGO OXTEMPAN"
66,1,OTUMBA DE GOMEZ FARIAS
66,2,SANTIAGO TOLMAN
66,3,AHUATEPEC
66,4,BELEM
66,5,BUENAVISTA
66,6,COLONIA COAMILPA
66,7,"COAMILPA, PROPIEDAD"
66,8,EL COLORADO
66,9,CUAUTENGO EX-HACIENDA
66,11,CUAUTLANCINGO
66,12,COYOTEPEC
66,14,RANCHO MAYORAZGO
66,15,OXTOTIPAC
66,16,RANCHO LAS PAPAS
66,17,RANCHO POYOXCO
66,19,SAN FRANCISCO TLALTICA
66,20,RANCHERIA SAN LORENZO
66,21,SAN MARCOS
66,23,SAN MIGUEL XOLCO
66,24,RANCHERIA SANTA BARBARA
66,25,TEPA GRANDE
66,26,TLAHUILCO
66,27,TLALTECAHUACAN EX-HACIENDA
66,28,TLALMIMILOLPAN
66,30,RANCHERIA TOCUILA
66,31,XAMIMILOLPAN
66,32,EX-HACIENDA XOCHIHUACAN
66,33,EL ATORON
66,34,CAMPERO
66,35,CHACALCO
66,36,LAS GRANJAS
66,37,LAS JACARANDAS
66,39,LA MOCHA
66,42,SAN JOSE DE LAS PRESAS
66,43,SAN NICOLAS TLACOMULCO
66,44,SAN TELMO
66,45,RANCHO SANTA GERTRUDIS
66,47,TECALCO
66,48,TEPA CHICO
66,49,LA ZUMBONA
67,1,OTZOLOAPAN
67,2,AGUA ZARCA
67,3,EL CAPIRE
67,4,CRUZ BLANCA
67,5,ESTANCIA CHICA
67,7,LLANO GRANDE
67,8,PINAL DEL MARQUEZADO
67,9,PUERTO DEL TIGRE
67,10,LA PUNTA
67,11,SAN JOSE EL CALVARIO
67,12,SAN MIGUEL DE LA CAMPANA
67,13,SAN MIGUEL PIRU
67,14,TERREROS
67,15,ZULUAPAN
67,17,LA PALMA
67,18,LAS PAREDES
67,19,EL PEDREGAL
67,20,LA CARRERA
67,22,LA LUMBRERA
67,24,LA PRESA DEL PADRE
67,27,LOS PINZANES
67,28,BURROSQUETA
67,29,PUERTO CARRANZA
67,30,LA COMPUERTA
67,31,EL LIMON
67,32,EL MARQUEZADO
67,33,MESA DEL ZAPOTE
67,34,EL QUINTO
67,36,BARRIO DE GUADALUPE
67,37,BARRIO DE LA VIRGENCITA
68,1,VILLA CUAUHTEMOC
68,2,SANTA ANA JILOTZINGO
68,5,CONCEPCION HIDALGO
68,6,EJIDO DE SAN MATEO MOZOQUILPAN
68,7,EL ESPINO
68,8,LA FLORIDA
68,9,COLONIA GUADALUPE VICTORIA
68,10,LA HUANICA
68,11,LA LOMA DEL MAGUEY
68,12,LA PILAR MARIA
68,14,LA PURISIMA
68,16,SAN AGUSTIN MIMBRES
68,17,SAN BLAS
68,18,SAN JUAN
68,19,SAN MATEO CAPULHUAC
68,20,SAN MATEO MOZOQUILPAN
68,21,SANTA ANA MAYORAZGO
68,22,SANTA MARIA TETITLA
68,23,SANTA ROSALIA
68,24,TRES MARIAS
68,25,TRES PUENTES
68,26,LAS TROJES
68,28,LA Y
68,31,PUENTE SAN PEDRO
68,32,BARRIO SIN NOMBRE
68,34,EL CAPULIN
68,35,EJIDO DE SANTA MARIA TETITLA
68,36,EL OXCO
68,37,LA LOMA
68,38,LA PAJA
68,39,LA PRESA
68,40,RANCHERIA BERNAL
68,41,LA RAYA
68,42,LA ROSA
68,43,LA TRAMPA
68,47,DESARROLLO FLORIDA
68,48,SECC 7 SAN ANDRES CUEXCONTITLAN
68,49,VILLA SECA
69,1,OZUMBA DE ALZATE
69,2,ACTOPAN
69,4,RANCHO EL HUEJOTE
69,7,RANCHO SAN JOSE
69,8,SAN JOSE TLACOTITLAN
69,9,SAN LORENZO TLALTECOYAC
69,10,SAN MATEO TECALCO
69,12,SANTIAGO MAMALHUAZUCA
69,14,EL FUERTE
69,15,SAN SEBASTIAN
69,16,XIMOCO
70,1,PAPALOTLA
71,1,LOS REYES ACAQUILPAN
71,2,BOSQUES DE LA MAGDALENA
71,3,SAN ISIDRO FRACCIONAMIENTO
71,4,LOMAS DE SAN ISIDRO
71,5,LOMAS DE SAN ISIDRO I
71,6,COLONIA 20 DE MAYO
72,1,POLOTITLAN DE LA ILUSTRACION
72,2,EL ALAMO
72,3,CELAYITA
72,5,ENCINILLAS
72,6,GENERAL LAZARO CARDENAS
72,7,LA PURISIMA
72,8,RUANO
72,9,SAN AGUSTIN EL CUERVO
72,10,SAN ANTONIO EL VIEJO
72,11,SAN ANTONIO ESCOBEDO
72,12,SAN ANTONIO POLOTITLAN
72,13,SAN FRANCISCO ACAZUCHITLALTONGO
72,14,SAN NICOLAS DE LOS CERRITOS
72,15,TAXHIE
72,16,EJIDO POLOTITLAN
72,19,JESUS MARIA
72,20,LA MAGDALENA
72,21,LA ESTACION
72,25,CERRO GORDO
72,26,EJIDO ENCINILLAS
72,27,LA GARITA
72,28,EL GAVILLERO DE LA TRINIDAD
72,30,LA NAVE
72,35,SAN ANTONIO ESCOBEDO NORTE
72,36,EL TESORO
73,1,SANTA MARIA RAYON
73,2,SAN JUAN LA ISLA
73,3,CASA BLANCA
74,1,SAN ANTONIO LA ISLA
74,2,SAN LUCAS TEPEMAJALCO
75,1,SAN FELIPE DEL PROGRESO
75,2,EMILIO PORTES GIL
75,5,SAN NICOLAS GUADALUPE
75,6,AMPLIACION DE SAN ANTONIO LA CIENEGA
75,7,AGUA ZARCA NICHI
75,9,BOREJE
75,11,LA CABECERA
75,12,CALVARIO DE BUENAVISTA
75,13,CALVARIO DE CARMEN OJO DE AGUA
75,15,CARMEN OCOTEPEC
75,17,LA CARRERA
75,19,RANCHERIA LA CIENEGA
75,21,COLONIA GUADALUPE
75,24,LA CONCEPCION CHICO
75,26,EL CONSUELO
75,27,CHICHILPA
75,29,CHOTEJE
75,31,DIOS PADRE
75,32,DOLORES HIDALGO
75,33,DOTEGIARE
75,34,EJIDO ENCINILLAS
75,36,ESTUTEMPAN
75,40,FLOR DE MARIA
75,41,EL FRESNO NICHI
75,44,GUADALUPE COTE
75,54,LA MANZANA
75,55,MESA DE LA AGUITA
75,58,EL OBRAJE
75,59,PALMILLAS
75,61,LAS PALOMAS
75,68,VILLA DE LA PURISIMA CONCEPCION MAYORAZGO
75,71,RINCON DE LOS PIRULES
75,72,RIOYOS BUENAVISTA
75,74,ROSA DEL CALVARIO
75,80,SAN AGUSTIN MEXTEPEC
75,81,SAN ANTONIO DE LAS HUERTAS
75,82,SAN ANTONIO LA CIENEGA
75,83,SAN ANTONIO MEXTEPEC
75,87,SAN FRANCISCO TLALCHICHILPA
75,88,SAN JERONIMO BONCHETE
75,90,SAN JERONIMO MAVATI (1)
75,95,SAN JUAN COTE
75,98,SAN JUAN JALPA
75,99,SAN JUAN RIOYOS
75,100,SAN LUCAS OCOTEPEC
75,103,SAN MIGUEL LA LABOR
75,105,SAN NICOLAS MAVATI
75,108,SAN PABLO TLALCHICHILPA
75,109,EJIDO SAN PEDRO EL ALTO (II)
75,110,SAN PEDRO EL ALTO
75,111,SAN PEDRO EL CHICO
75,112,VILLA DE SANTA ANA NICHI
75,113,EJIDO SANTA ANA NICHI
75,116,SANTA CRUZ MEXTEPEC
75,117,SANTA RITA DE LA CUESTA
75,120,RANCHERIA LA SOLEDAD
75,122,TEPETITLAN
75,124,TRES ESTRELLAS
75,126,EL TUNAL
75,127,TUNAL NENAXI
75,128,BARRIO TUNGAREO
75,130,LA VIRGEN CENTRO
75,138,TLALCHICHILPA
75,141,LA VENTA
75,145,EL HUARACHE (1)
75,152,EX HACIENDA TEPETITLAN
75,153,BARRIO SAN FRANCISCO
75,154,LA CONCEPCION
75,155,EJIDO LA CONCEPCION CHICO
75,156,EJIDO SAN JERONIMO MAVATI
75,157,EJIDO DEL FRESNO NICHI
75,159,SAN JUAN EVANGELISTA
75,162,LA VIRGEN EJIDO
75,165,ASUNCION DE LAS ESPINAS
75,166,BARRIO SANTA CRUZ
75,167,BARRIO LA ERA
75,174,EJIDO EL RINCON DE LOS PIRULES
75,176,ESTACION FLOR DE MARIA
75,182,LOS PLATEROS
75,191,EL ROSARIO
75,201,EJIDO TLALCHICHILPA
75,205,EJIDO DE CHICHILPA
75,206,RANCHERIA ENCINILLAS
75,207,BARRIO ZARAGOZA
75,208,COL LA ESPERANZA
75,209,EJIDO LA CABECERA
75,214,RANCHO LA VIRGEN SAN PEDRO EL ALTO
75,215,BARRIO SANTA CRUZ SAN PEDRO EL ALTO
75,216,RANCHO LA CONCEPCION
75,217,"BARRIO LAS PRESAS, EJIDO SAN JERONIMO MAVATI"
75,218,BARRIO SANTA CRUZ TRES ESTRELLAS
75,219,SAN JUAN COTE EJIDO
75,220,"BARRIO LA PRESA, MESA DE LA AGÜITA"
75,221,BARRIO CALVARIO DEL CARMEN
75,222,BARRIO LA CAÑADA SAN ANTONIO LA CIENEGA
75,223,BARRIO EL AGOSTADERO EJIDO DE SAN JUAN JALPA
75,224,"COLONIA LA CONSTITUCION, SAN ANTONIO MEXTEPEC"
75,225,LA PRESA DE SAN ANTONIO MEXTEPEC
75,226,BARRIO EL ARENAL SAN NICOLAS GUADALUPE
75,227,BARRIO SANTA CRUZ SAN NICOLAS GUADALUPE
76,1,SAN MARTIN DE LAS PIRAMIDES
76,2,ALVARO OBREGON
76,3,LOS CHOPOS
76,4,LAS DOS RR
76,5,IXTLAHUACA
76,6,SAN ANTONIO DE LAS PALMAS
76,7,SAN JOSE CERRO GORDO
76,8,SAN PABLO IXQUITLAN
76,9,SANTA MARIA PALAPA
76,10,SANTIAGO TEPETITLAN
76,11,TEZOMPA
76,12,TLACATEMPAN
76,13,TLACHINOLPA
76,15,LA NORIA
76,16,EL SALTITO
76,17,EL SALTO
76,18,EJIDO SAN MARTIN
77,1,SAN MATEO ATENCO
77,2,BARRIO SAN ISIDRO
77,7,REFORMA
77,8,SANTA MARIA ATENCO
78,1,SAN SIMON DE GUERRERO
78,2,LOS BERROS CUENTLA
78,3,LA CUMBRE CUENTLA
78,4,ESTANCIA VIEJA
78,5,EL JOCOYOL CUENTLA
78,6,EL MANGO CUENTLA
78,7,MINA DE AGUA
78,8,BARRIO DEL MONTE
78,9,RANCHO VIEJO
78,10,SAN DIEGO CUENTLA
78,11,SAN GABRIEL CUENTLA
78,12,BARRIO DE SANTA CRUZ
78,13,TITIPAC
78,14,BARRIO DE CRUZ VERDE
78,15,BARRIO DE SAN JOSE
78,16,BARRIO DE SAN PEDRO
78,17,BARRIO DE SANTA ROSA
78,18,BARRIO DE LA FRAGUA
78,19,GUARDARRAYA CUENTLA
78,21,PEÑA REDONDA
78,24,RINCON DE LOS TRIGOS
78,25,YERBABUENA
78,26,RINCON DE LOS CHICHAROS
78,27,EL MOMUZTLE CUENTLA
78,28,EL ZAPOTE CUENTLA
78,29,LA RUEDA
78,30,LA RINCONADA CUENTLA
79,1,NUEVO SANTO TOMAS DE LOS PLATANOS
79,2,SAN JOSE BARBECHOS
79,3,LAS CANOAS
79,4,CIENEGUILLAS
79,5,SAN PEDRO IXTAPANTONGO
79,6,EL JOCOYOL
79,7,LA LAGUNA
79,8,EL OCOTAL
79,9,OJO DE AGUA
79,10,POBLADO DE SANTO TOMAS
79,11,POTRERO DE ABAJO
79,12,POTRERO DE ARRIBA
79,13,SANTO TOMAS PUEBLO VIEJO
79,14,RINCON CHICO
79,15,RINCON VIVERO
79,16,SALITRE BRAMADOR
79,17,SALITRE DE LA CAL
79,18,SALITRE TERREROS
79,19,SAN MIGUEL SANDEMIALMA
79,20,SAN PEDRO EL CHICO
79,21,SAN PEDRO EL GRANDE
79,22,SANTA BARBARA
79,23,TACUITAPAN
79,24,EL ANONO
79,25,EL AGUACATE
79,26,EL LLANO
79,27,EL AGUACATE
79,29,EL SIFON
79,30,LAS FINCAS
79,31,FRONTON VIVERO
79,32,RINCON GRANDE
79,33,LOS NOGALES
79,34,EL PEDREGAL
79,35,COLONIA DE GUADALUPE
79,36,EL PLAN
80,1,SAN FRANCISCO SOYANIQUILPAN
80,2,EL DIVISADERO DE ZAPATA
80,3,EL DIVISADERO FRESNO
80,4,LA GOLETA
80,5,IGNACIO ZARAGOZA
80,6,PALOS ALTOS
80,7,SAN AGUSTIN BUENAVISTA
80,8,SAN ISIDRO
80,9,SAN JOSE DEGUEDO
80,10,SAN JUAN DAXTHI
80,11,SAN JUAN DEL CUERVO
80,12,VISTA HERMOSA
80,16,EL GAVILLERO
80,17,EJIDO DEGUEDO
80,24,SANTA CRUZ
81,1,SULTEPEC DE PEDRO ASCENCIO
81,2,LA ALBARRADA
81,3,ASERRADERO VIEJO
81,4,ATZUMPA
81,5,EL CALVARITO
81,6,CAPULA
81,7,CAPULATENGO
81,8,LA CIENEGA
81,9,EL CRISTO
81,10,CUATRO CRUCES
81,11,DIEGO SANCHEZ
81,12,EJIDO LA VIRGEN
81,13,FILO DE LOS AMATES
81,14,EL HUIZACHE
81,15,JALPAN
81,16,LAGUNA SECA
81,17,MANIALT DE GUADALUPE DE ARRIBA
81,18,MANIALT DE GUADALUPE DE ABAJO
81,19,LAS MESAS
81,20,METLALTEPEC
81,21,MEXTEPEC
81,22,EL MOMOXTLE
81,23,EL NARANJO
81,24,LAS PEÑAS
81,25,PEPECHUCA
81,26,EL POTRERO
81,27,POTZONTEPEC
81,28,PUENTECILLAS
81,29,EL RANCHITO
81,30,RANCHO SALINAS
81,31,REAL DE ABAJO
81,32,RINCON DEL CRISTO
81,33,RINCON LOS AGUILAR
81,34,SALAYATLA
81,35,SAN FRANCISCO DE ASIS
81,36,SAN HIPOLITO
81,37,SAN ISIDRO XOCHITLA
81,38,SAN JOSE EL POTRERO
81,39,SAN MIGUELITO
81,40,SAN MIGUEL TOTOLMALOYA
81,41,SAN NICOLAS DEL COBRE
81,42,SAN PEDRO HUEYAHUALCO
81,43,SANTA ANITA
81,44,SANTA CRUZ TEXCALAPA
81,45,SANTO TOMAS DE LAS FLORES
81,46,SULTEPEQUITO
81,47,EL TEAMATE
81,48,TEHUILOTEPEC
81,49,TENANGUILLO DE LAS PEÑAS
81,50,TROJES
81,51,LA UNION
81,52,SAN JOSE XOCHITLA
81,53,LA ENRAMADA
81,54,EL COQUILLO
81,55,EJIDO DE SULTEPEQUITO
81,56,LOS EPAZOTES
81,57,SAN LUCAS
81,58,LAGUNA VERDE
81,59,SAN MARTIN
81,60,NACATEPEC
81,61,EL SALITRE
81,62,EL SALITRE
81,63,TROJA VIEJA
81,64,COJALTITLA
81,65,SEGUNDA MANZANA DE CUATRO CRUCES
81,67,EL PICACHO
81,68,LA CIENEGA
81,69,CUADRILLA NUEVA
81,70,LAS JOYAS
81,71,CRUZ DE CEDRO
81,72,SIHUALPILA
81,73,RINCON DE OCOTITLAN
81,74,MANZANILLOS
81,75,PUERTO FRIO
82,1,TECAMAC DE FELIPE VILLANUEVA
82,2,OJO DE AGUA
82,3,REYES ACOZAC
82,4,SAN JUAN PUEBLO NUEVO
82,5,SAN MARTIN AZCATEPEC
82,6,SAN PABLO TECALCO
82,7,SANTA MARIA AJOLOAPAN
82,8,LA JOYA
82,9,LA LUZ
82,10,RANCHO SAN MIGUEL
82,11,LAS ABEJAS
82,13,RANCHO JALISCO
82,14,RANCHO AZUL CLUB DE POLO
82,15,CASAS DE LOS FERROCARRILEROS
82,19,JUAN CAPORAL
82,20,LAS MEMELAS
82,22,SAN ANDRES TECALCO
82,25,SAN NICOLAS LA REDONDA
82,27,SIERRA HERMOSA
82,28,ZITLACOATL
82,31,COLONIA TEZONTLE
82,35,AMPLIACION SAN JERONIMO XONACAHUACAN
83,1,TEJUPILCO DE HIDALGO
83,2,BEJUCOS
83,4,ACAMUCHITLAN
83,6,ALMOLOYA DE LAS GRANADAS
83,7,LAS ANONAS
83,8,EL ANTIMONIO
83,9,SANTIAGO ARIZMENDI
83,10,ARBALLO
83,12,BARRANCA DE IXTAPAN
83,13,CERRO DE CACALOTEPEC
83,15,CAÑADAS DE SAN SIMON
83,18,CERRO GORDO
83,20,CIRIAN DE LA LAGUNA
83,21,EL CIRUELO
83,23,EL CORUPO
83,25,CUADRILLA DE LOPEZ
83,26,EPAZOTES
83,27,LA ESTANCIA DE IXTAPAN
83,30,HACIENDA DE IXTAPAN
83,34,JULUAPAN
83,35,LAS JUNTAS
83,36,JUMILTEPEC
83,37,LA LABOR DE ZARAGOZA
83,38,LLANO GRANDE
83,39,MAZATEPEC
83,40,LAS MESAS DE IXTAPAN
83,41,MONTE DE DIOS
83,43,EL NARANJO
83,44,SAN ANDRES OCOTEPEC
83,46,PANTOJA
83,47,PASO DE GUAYABAL
83,48,PASO DE VIGAS
83,52,PLATANAL DE SAN LUCAS
83,53,PLAZA DE GALLOS
83,54,POTRERO DE IXTAPAN
83,57,PUERTO DEL AIRE
83,60,RINCON DEL GUAYABAL
83,61,RINCON DEL CARMEN
83,62,RINCON DE UGARTE
83,63,RIO DE AQUIAGUA
83,64,RIO GRANDE
83,65,EL RODEO
83,66,EL SALITRE DE ACAMUCHITLAN
83,68,SAN GABRIEL PANTOJA
83,69,SAN JOSE DE LA LAGUNA
83,70,SAN MIGUEL IXTAPAN
83,72,SANTA ROSA
83,74,EL SAUZ DE SAN LUCAS
83,76,TEJAPAN LIMONES
83,77,TENERIA
83,78,TIRADOS
83,81,ZACATEPEC
83,82,RINCON DE AGUIRRE
83,83,EL ZAPOTE DEL ANCON
83,88,SAN LUCAS DEL MAIZ
83,91,AGUA NEGRA DE SAN LUCAS
83,102,AGUA BENDITA
83,103,EL AGUACATE DE MONTE DE DIOS
83,104,LAS ANIMAS
83,105,ANTONIOS
83,111,BARRO PRIETO
83,112,LA BOLSA
83,119,LOS BAÑOS
83,127,LA CALERA
83,128,EL CERRO
83,129,COAHUILOTES
83,130,LA CUITACERA
83,131,LA COFRADIA
83,138,CAMPANARIO DE IXTAPAN
83,139,CERRO DEL CHIRIMOYO
83,144,CERRO ALTO
83,153,CERRO ALTO
83,159,LA CAÑADA
83,161,CARMEN DE IXTAPAN
83,167,CABECERA
83,168,CUADRILLA DE MARTINEZ
83,170,LA FLORIDA
83,171,LOS CUERVOS
83,172,CUEVILLAS
83,173,CUADRILLA DE LEONES
83,176,OJO DE AGUA
83,180,ENCINOS VERDES
83,182,LA FUNDADORA
83,186,EL GUAYABO
83,188,CERRO DE LA GUITARRA
83,190,HACIENDA VIEJA
83,193,LAS ILAMAS
83,195,ILAMOS
83,196,LAS JUNTAS
83,203,JALPAN
83,204,LAS JUNTAS DE IXTAPAN
83,206,EL JUMATE
83,212,LIMON DE SAN LUCAS
83,214,LODO PRIETO
83,219,LLANO GRANDE
83,225,EL MOLINO
83,229,EL MANGO
83,233,MAMEY DE SAN LUCAS
83,235,LA MESA
83,240,MELCHORES DE SAN LUCAS
83,244,RANCHO LAS MORAS
83,246,LA MESA
83,251,NARANJO CHICO
83,256,CERRO DE LOS NOPALES
83,262,OCOYAPAN
83,263,PASO DE LAS PAROTAS
83,274,PUERTO DE JALPAN
83,276,PINZAN MORADO
83,281,PLAN DE MAGUEY
83,286,PAREDES PRIETAS
83,291,PEÑA EL GAVILAN
83,298,LA PALMA
83,307,PERICONES
83,311,POTRERO GUAYABAL
83,312,POTRERO GRANDE
83,315,LOS PLANES
83,323,RINCON DE CARBONERAS
83,324,RINCON DE JAIMES
83,328,RIO CHIQUITO
83,335,RINCON DE SAN GABRIEL
83,338,PASO DE SAN JUAN
83,349,SALITRE DE SAN LUCAS
83,351,SALTO GRANDE
83,352,SAN MATEO
83,353,SANTA MARIA DE LAS FLORES
83,358,SUQUITILA
83,359,SAUZ OCOTEPEC
83,360,SAN FRANCISCO
83,361,PIEDRA ANCHA
83,373,LA VUELTA
83,375,ZAPOTE DE IXTAPAN
83,376,ZAPOTE DE ACAMUCHITLAN
83,383,LOS COLORINES
83,384,RINCON DEL SAUZ OCOTEPEC
83,385,LA FRAGUITA
83,386,JACALILLOS
83,387,LIMON DE IXTAPAN
83,388,EL CAPIRE
83,389,RINCONADA DE LA LABOR
83,390,RINCON DEL NARANJO
83,391,CERRO DE LAS FLORES
83,392,CERRO DEL MANGO DEL SAUZ OCOTEPEC
83,393,CERRO DE MAZATEPEC
83,394,LA LAGUNA DE MAZATEPEC
83,395,DEVISADERO
83,396,ANTIMONIO PANTOJA
83,397,CUADRILLA DE ALVAREZ
83,398,COAHUILOTES
83,399,LOS OCOTES
84,1,SAN JUAN TEMAMATLA
84,2,RANCHO ASUNCION DEL MONTE
84,3,LOS REYES ACATLIXHUAYAN
84,4,SANTIAGO ZULA
84,5,CAMPO MILITAR 37-B (CABI 27 REGIMIENTO MECANIZADO)
84,6,AMPLIACION POTRERO
84,7,POZO ZULA
84,9,RANCHO ALVAREZ
84,14,FINCA DE LOS CAPULINES
84,16,LAS GARZAS
84,18,SAN JUDAS TADEO
84,19,EJIDO EL TEJOCOTE
84,20,GRANJA EL TEJOCOTE
84,21,EL TEPANCAL
85,1,TEMASCALAPA
85,2,IXTLAHUACA DE CUAHUTEMOC
85,3,SAN BARTOLOME ACTOPAN
85,4,EL CHOPO
85,5,LAS PINTAS
85,6,PRESA DEL REY
85,7,SAN FRANCISCO DE PAULA
85,8,SAN CRISTOBAL COLHUACAN
85,9,SAN JUAN TECALCO
85,10,SAN LUIS TECUAHUTITLAN
85,11,SAN MATEO TEOPANCALA
85,12,SAN MIGUEL ATLAMAJAC
85,13,SANTA ANA TLACHIAHUALPA
85,14,SANTA MARIA MAQUIXCO
85,15,CERRO DE CHAPA
85,16,EJIDO ALVARO OBREGON
85,18,COLONIA ESTRELLA
86,1,TEMASCALCINGO DE JOSE MARIA VELASCO
86,2,AHUACATITLAN
86,3,BOMBARO
86,4,BOQUI SANTIAGO COACHOCHITLAN
86,5,BOSHESDA
86,6,CALDERAS
86,7,CERRITOS DE CARDENAS
86,8,COLONIA LA MAGDALENA
86,9,LA CORONA
86,10,LA CUADRILLA
86,11,EJIDO SANTA ANA YENSHU
86,12,ESTACION SOLIS DE LOS FF.CC.
86,13,LA ESTANZUELA
86,14,EL GARAY SOLIS
86,15,GUADALUPE IXTAPA
86,16,LA HUERTA
86,17,IXTAPA
86,18,JUANACATLAN
86,19,LA MAGDALENA
86,21,LA MESA DE SANTIAGO
86,22,PASTORES
86,23,PUEBLO NUEVO SOLIS
86,24,PURUAHUA
86,25,EL RODEO
86,26,SAN ANTONIO SOLIS
86,27,SAN FRANCISCO SOLIS
86,28,SAN FRANCISCO TEPEOLULCO
86,29,SAN JOSE DE LOS REYES
86,30,SAN JOSE IXTAPA
86,31,SAN JOSE SOLIS
86,32,SAN JUANICO CENTRO
86,33,SAN JUANICO EL ALTO
86,34,SAN MATEO EL VIEJO
86,35,SAN MIGUEL SOLIS
86,36,SAN NICOLAS SOLIS
86,37,SAN PEDRO EL ALTO
86,38,SAN PEDRO POTLA
86,39,SANTA ANA YENSHU
86,40,SANTA ANA YENSHU LA MESA
86,41,SANTA LUCIA
86,42,SANTA MARIA CANCHESDA
86,43,SANTA MARIA SOLIS
86,44,SANTA ROSA SOLIS
86,45,SANTIAGO COACHOCHITLAN
86,46,SAN VICENTE SOLIS
86,47,SHELLE
86,48,SOLIS EX-HACIENDA
86,49,EL TEJOCOTE
86,56,AHUACATITLAN CUARTA Y QUINTA
86,57,CHAMACUEROS
86,58,MESA DE BAÑI
86,59,MESA DE LOS GARNICA
86,60,LA MESA DEL VENADO
86,61,LAS PEÑAS
86,62,LOS PINOS
86,63,POZO DE LAS PALOMAS
86,64,SAN FRANCISCO TEPEOLULCO PRIMER BARRIO
86,65,SAN FRANCISCO TEPEOLULCO SEGUNDO BARRIO
86,66,SAN PEDRO POTLA EJIDO
86,67,SAN PEDRO POTLA SEGUNDO BARRIO
86,68,SAN PEDRO POTLA TERCER BARRIO
86,69,LA MESA DE BOMBARO
86,70,SAN FRANCISCO TEPEOLULCO TERCER BARRIO
86,71,EJIDO SAN FRANCISCO TEPEOLULCO TERCER BARRIO
86,72,EL EJIDO
86,73,EL RINCON
87,1,TEMASCALTEPEC DE GONZALEZ
87,2,SAN FRANCISCO LA ALBARRADA
87,3,CAJONES
87,5,SAN SEBASTIAN CARBONERAS
87,6,CARNICERIA
87,7,CERRO PELON
87,8,CIENEGUILLAS DE GONZALEZ
87,9,CIENEGUILLAS DE LABRA
87,10,LA COMUNIDAD
87,11,LA FINCA
87,12,LA CUMBRE
87,13,EL CHILAR DEL EJIDO DE LAS TRANCAS
87,14,EJIDO DE REAL DE ARRIBA
87,15,LABOR LAS CABRAS
87,16,ESTANCIA DE TEQUESQUIPAN
87,17,GRANJAS DE CIENEGUILLAS
87,18,LA GUACAMAYA
87,19,HOYOS DE VAZQUEZ
87,20,JESUS DEL MONTE
87,22,LA LAGUNA
87,23,LAMPAZOS
87,24,MANZANAS DE TEQUESQUIPAN
87,25,MESAS DE REAL DE ARRIBA
87,26,MESON VIEJO
87,27,MILPAS VIEJAS
87,28,LOS OCOTES
87,30,PEDREGALES DE TEQUESQUIPAN
87,31,EL PEÑON
87,32,PLAN DE VIGAS
87,33,POTRERO DE SAN JOSE
87,34,POTRERO DE TENAYAC
87,35,PUEBLO NUEVO
87,36,PUERTO DEL PEDREGAL
87,37,REAL DE ARRIBA
87,38,RINCON DE ATARASQUILLO
87,39,RINCON DE SAN ANDRES
87,40,RINCON DE TEQUESQUIPAN
87,42,EL SALITRE
87,43,SAN ANDRES DE LOS GAMA
87,44,SAN ANTONIO ALBARRANES
87,45,SAN FRANCISCO OXTOTILPAN
87,46,SAN JUAN
87,47,SAN LUCAS DEL PULQUE
87,48,SAN MATEO ALMOMOLOA
87,49,SAN MIGUEL OXTOTILPAN
87,50,SAN PEDRO TENAYAC
87,51,TELPINTLA
87,52,SAN MARTIN TEQUESQUIPAN
87,53,LOS TIMBRES
87,54,LAS TRANCAS
87,55,EL TULE
87,56,EL VARAL
87,57,BARRIO SAN JOSE
87,64,BARRIO CANTARRANAS
87,67,BARRIO LA MAGDALENA
87,71,EL SALITRE
87,72,BARRIO EL TEMEROSO
87,73,BARRIO LA GACHUPINA
87,74,BARRIO DOÑA ROSA
87,75,BARRIO LAS PEÑAS
87,76,BARRIO LA CASCADA
87,77,SANTANAS
87,78,MANZANA DEL JABALI
87,79,MINA DEL RINCON
87,80,LAS LAGRIMAS
87,84,SALITRE VIEJO
87,85,MANZANA DEL PEDREGAL
88,1,TEMOAYA
88,2,SAN DIEGO ALCALA
88,3,MOLINO ABAJO
88,4,SAN PEDRO ARRIBA
88,5,ADOLFO LOPEZ MATEOS
88,6,ALLENDE
88,7,CALLE REAL
88,8,CAMPAMENTO KILOMETRO 62
88,9,EL CAMPAMENTO
88,10,LA CAÑADA
88,11,CENTRO CEREMONIAL OTOMI
88,12,CERRITO DEL PANAL
88,13,EL CORDERO
88,14,DOLORES
88,17,EJIDO DE MIMBRES
88,18,ENDECUAY
88,19,ENTHAVI
88,20,JIQUIPILCO EL VIEJO
88,21,LOMA DEL LAUREL
88,23,LOMA ALTA
88,24,LOMA DE SAN NICOLAS
88,25,RANCHO DE LUNA
88,26,LA MAGDALENA TENEXPAN
88,27,MARUCA
88,28,SAN PEDRO ABAJO
88,29,MOLINO ARRIBA
88,30,COLONIA MORELOS
88,31,POTHE
88,32,RANCHERIA LAS LOMAS
88,33,SAN ANTONIO DEL PUENTE
88,34,SAN LORENZO OYAMEL
88,35,SAN LUCAS
88,37,SAN JOSE BUENAVISTA EL GRANDE
88,38,SAN JOSE LAS LOMAS
88,39,SAN JOSE COMALCO
88,40,SAN JOSE PATHE
88,41,SAN MATEO ALCALA
88,42,TABORDA
88,43,TLALTENANGUITO
88,44,TLALTENANGO ABAJO
88,45,TLALTENANGO ARRIBA
88,46,LA TRINIDAD
88,47,RANCHERIA DE TROJES
88,48,VISTA HERMOSA
88,49,ZANJA VIEJA
88,50,SOLALPAN
88,51,SAN PEDRO ARRIBA SEXTA SECCION
88,52,SAN PEDRO ARRIBA 4TA SECC (CINCO REALES)
88,53,SAN LORENCITO
88,54,SAN PEDRO ARRIBA TERCERA SECCION
88,55,PUERTA CHICA
88,56,LLANO DE LA Y
88,57,LOMA DEL PROGRESO
88,59,PUENTE ROTO
88,60,LA RAYA
88,61,TIERRA BLANCA
89,1,TENANCINGO DE DEGOLLADO
89,2,SANTA ANA IXTLAHUATZINGO
89,3,TECOMATLAN
89,4,ACATZINGO
89,5,EL CARMEN
89,6,CRUZ VIDRIADA
89,7,CHALCHIHUAPAN
89,8,FRANCISCO ZARCO
89,9,GUADALUPE VICTORIA
89,10,GUALUPITA
89,11,IXPUICHIAPAN
89,13,LA MESITA
89,14,MONTE DE POZO
89,15,LOS MORALES
89,16,PUEBLO NUEVO
89,17,SANTA CRUZ QUETZALAPA
89,18,SAN JOSE CHALMITA
89,19,SAN JOSE TENERIA
89,20,SAN JUAN TETITLAN
89,21,SAN JUAN XOCHIACA
89,22,SAN MARTIN COAPAXTONGO
89,23,SAN NICOLAS
89,24,SAN SIMONITO
89,25,COLONIA SANTA CRUZ
89,26,SANTA TERESA
89,27,SANTA TERESITA
89,28,TEPALCATEPEC
89,29,TEPETZINGO
89,30,TEPOXTEPEC
89,31,TERRENATE
89,32,TIERRA BLANCA
89,33,ZEPAYAUTLA
89,34,AGUA BENDITA
89,36,SAN ANTONIO AGUA BENDITA
89,38,ATOTONILCO
89,39,LA COMPUERTA
89,40,EJERCITO DEL TRABAJO
89,41,EJIDO TECOMATLAN
89,42,EMILIANO ZAPATA
89,43,COLONIA EMILIANO ZAPATA
89,45,LA LAGUNILLA
89,46,LA LOMA
89,47,COLONIA MORELOS
89,48,PLAN DE SAN MARTIN
89,49,COLONIA SAN FRANCISCO
89,50,SAN ISIDRO EJIDO DE TENANCINGO
89,51,AGUA DULCE
89,52,LA OCOTALERA
90,1,TENANGO DEL AIRE
90,2,SANTIAGO TEPOPULA
90,3,RANCHO ACULCO
90,5,SAN JUAN COXTOCAN
90,8,RANCHO CHAVARRIA
90,9,RANCHO DE DIAZ
90,11,EL PEDREGAL
90,12,LA VIA ANCHA
90,13,PUENTES CUATES
90,14,RANCHO SATURNINO
90,16,HILITITLA
90,17,RANCHO LAS PALMAS
90,22,TRES PLATOS
90,23,RANCHO EL JAZMIN
90,30,A. PEREZ
91,1,TENANGO DE ARISTA
91,2,SAN BARTOLOME ATLATLAHUCA
91,3,SAN FRANCISCO TEPEZOZUCA
91,4,SAN FRANCISCO TETETLA
91,5,SAN MIGUEL BALDERAS
91,6,SAN PEDRO TLANIXCO
91,7,SAN PEDRO ZICTEPEC
91,8,SANTA MARIA JAJALPA
91,9,SANTIAGUITO CUAXUXTENCO
91,10,ACATZINGO
91,11,COLONIA AZTECA
91,12,LA COOPERATIVA
91,13,LA HACIENDITA
91,14,LOMA DE SAN JOAQUIN
91,15,SAN FRANCISCO PUTLA
91,16,SAN ISIDRO
91,17,SAN JUAN TEPEHUIZCO
91,18,SAN ROMAN
91,19,SANTA CECILIA
91,20,SANTA CRUZ PUEBLO NUEVO
91,21,LA ISLETA
91,23,LA PROVIDENCIA
91,24,SAN JOSE HERRERA
91,25,EL GUARDA
91,26,EL COLOSO
91,27,LA HERRADURA
92,1,TEOLOYUCAN
92,2,SAN BARTOLO
92,3,SANTA CRUZ DEL MONTE
92,4,SAN JUAN
92,5,SAN SEBASTIAN
92,6,COLONIA SANTO TOMAS
92,7,SANTIAGO
92,8,TLATILCO
92,9,COLONIA VENECIA
92,10,RANCHO LOS AMORES
92,11,LA HERA
93,1,TEOTIHUACAN DE ARISTA
93,2,ATLATONGO
93,3,SAN FRANCISCO MAZAPA
93,4,SAN LORENZO TLALMIMILOLPAN
93,5,SAN SEBASTIAN XOLALPA
93,6,SANTA MARIA COATLAN
93,7,COZOTLAN
93,9,LA GARITA
93,10,EJIDO METEPEC
93,11,NUEVA TEOTIHUACAN
93,12,PALOMAR MAQUIXCO
93,13,EJIDO PURIFICACION
93,15,SAN AGUSTIN ACTIPAC
93,16,SAN ISIDRO DEL PROGRESO
93,18,SANTIAGO ZACUALUCA
93,19,TLAJINGA
93,20,ZONA ARQUEOLOGICA
93,21,EJIDO ATLATONGO
93,24,LA ERMITA
93,28,PALOMAR ATLATONGO
93,29,EJIDO PURIFICACION
93,30,EJIDO SAN FRANCISCO
93,31,RANCHO SAN JUAN
93,34,EJIDO SAN SEBASTIAN XOLALPAN
93,35,EJIDO SANTA MARIA COATLAN
93,36,GRANJA TECORRAL
93,37,GRANJA EL TENIENTE
93,38,GRANJA EL TRIGUEROS
93,40,QUINTA LAS FLORES
93,41,SAN LUCAS TEPANGO
94,1,TEPETLAOXTOC DE HIDALGO
94,2,CONCEPCION JOLALPAN
94,3,RANCHO LA ARBOLEDA
94,4,RANCHO ATLAHUITE
94,8,EL CALVARIO
94,12,RANCHO LAS HUERTAS
94,13,LA LOMA
94,14,RANCHO MALDONADO
94,15,RANCHO LAS MINILLAS
94,16,RANCHO EL MOLINO BLANCO
94,17,LOS REYES NOPALA
94,18,SAN ANDRES DE LAS PERAS
94,19,RANCHO SAN ANTONIO DE LAS CUEVAS
94,20,SAN BERNARDO TLALMIMILOLPAN
94,21,RANCHO SAN GABRIEL
94,23,RANCHO SAN JOSE DEL MORAL
94,24,SAN JUAN TOTOLAPAN
94,25,RANCHO SAN NICOLAS
94,27,SAN PEDRO CHIAUTZINGO
94,30,SANTO TOMAS APIPILHUASCO
94,32,RANCHO TECHACHAL
94,35,LA TRINIDAD AMANINALCO
94,36,BARRIO TULTECA TEOPAN
94,37,COLONIA TULTECA TEOPAN
94,38,LA VENTA
94,42,ASERRADERO TIERRA BLANCA
94,43,AGUSTIN DELGADILLO
94,45,AXALPA
94,47,CANUTILLO
94,48,CAPILLA VIEJA
94,49,RANCHO CAYON
94,52,CHICONCUAXIO
94,54,FINCA DE LOS DUENDES
94,57,RANCHO LAS JOYAS
94,58,DISPLAY MENOR LOMAS DE SAN GABRIEL
94,59,GRANJA MARIA ANTONIETA
94,61,POTRILLO
94,63,RANCHO LA PRIETA
94,67,SANTA CRUZ DE LA CONSTANZA
94,69,RANCHO TLAMAYO
94,70,RANCHO LA VIRGEN
94,71,SANTIAGO TEPETLAOXTOC
94,72,EL MORAL
94,73,SAN JOSE BELLAVISTA
95,1,TEPETLIXPA
95,4,NEPANTLA DE SOR JUANA INES DE LA CRUZ
95,5,SAN ESTEBAN CUECUECUAUTITLA
95,6,MIS ENCANTOS
95,7,PRIMERO SUEÑO
95,8,GRANJAS NEPANTLA
95,11,SANTA CRUZ
95,17,RANCHO EL POLLITO
95,21,RANCHO EL OCOTE
95,22,LA AURORA
95,23,LOS LIMONES
95,26,CHAVALIN
95,27,CASA BLANCA
95,30,LAS CRUCES
95,31,VECINAL LA ROSITA
95,33,MACHALI
95,34,LOS OCOTES
95,35,SANTA ROSA
95,37,RANCHO LINO
95,40,EL CALABAZAL
95,41,QUINTA SHALOM
95,42,EL GRINGO
95,43,SALVADOR BARRERA
95,44,RANCHO ALEGRE
95,46,HERMANOS PEÑA
95,47,FINCA LOMA BONITA
95,48,LA CHACRA
95,50,EL CALABAZAR
95,51,LA PALTA LAS MARUCAS
95,53,RANCHO LORENA
95,55,LOS ALBA
95,56,RANCHO ALOTEPEC
96,1,TEPOTZOTLAN
96,2,SANTIAGO CUAUTLALPAN
96,3,ARCOS DEL SITIO
96,4,LAS CABAÑAS
96,5,CAÑADA DE CISNEROS
96,6,LA CONCEPCION
96,7,LOS DOLORES
96,8,LANZAROTE
96,9,LA LUZ
96,10,PUENTE GRANDE
96,11,SANTA CRUZ
96,12,SAN MIGUEL CAÑADAS
96,13,LA TEJA
96,14,EL TEJOCOTE
96,15,SAN MATEO XOLOC
96,16,LA PEDRERA
96,17,FRACCIONAMIENTO FIDEL VELAZQUEZ
96,18,EL JAGUEY
96,19,EJIDO SANTIAGO EL ALTO
96,20,FRACCIONAMIENTO VIRREYES
96,24,EJIDO SANTIAGO
96,25,LOS POTROS
96,26,EL GAVILLERO
96,27,TIERRAS BLANCAS DEL SUR
96,28,LOMAS DE SAN JOSE
96,29,PARAJE EL CAPIRO
97,1,TEQUIXQUIAC
97,2,TLAPANALOYA
97,3,LA HEREDAD
97,4,SAN MIGUEL
97,5,WENCESLAO LABRA
97,6,EL CENICERO
97,7,EL CRUCERO
97,8,RANCHO LA CRUZ
97,10,MONTE ALTO
97,11,PALO GRANDE
98,1,TEXCALTITLAN
98,2,ACATITLAN
98,3,AGUA DEL TREBOL
98,4,ARROYO SECO
98,5,CARBAJAL
98,6,CHAPANEAL
98,7,CHIQUIHUNTEPEC
98,8,EJIDO VENTA MORALES
98,9,GAVIA CHICA
98,10,HUAYATENCO
98,11,JESUS DEL MONTE
98,13,LLANO GRANDE
98,14,NOXTEPEC
98,15,NUEVA SANTA MARIA
98,16,OJO DE AGUA
98,17,PALMILLAS
98,18,PALO AMARILLO
98,19,RASTROJO LARGO
98,20,SAN AGUSTIN
98,21,SAN FRANCISCO
98,22,SAN MIGUEL
98,23,SANTA MARIA
98,24,LAS TABLAS
98,25,TEXCAPILLA
98,26,TLACOTEPEC
98,27,PUEBLO VENTA MORALES
98,28,YUYTEPEC
98,29,EL AGOSTADERO
98,30,SAN JOSE
98,31,LOS LIRIOS
98,32,EL SALTO
99,1,TEXCALYACAC
100,1,TEXCOCO DE MORA
100,2,SAN JERONIMO AMANALCO
100,3,SAN JOAQUIN COAPANGO
100,4,SAN MIGUEL COATLINCHAN
100,5,SAN MIGUEL TLAIXPAN
100,6,SANTIAGO CUAUTLALPAN
100,7,TEQUEXQUINAHUAC
100,8,TULANTONGO
100,10,RANCHO BATAN
100,12,CANDELAPA
100,14,GRANJA CASTILLA
100,17,HACIENDA LA FLOR
100,18,RANCHO LOS FRESNOS
100,19,GUADALUPE AMANALCO
100,21,RANCHO EL HUASTECO
100,23,RANCHO IXTLALHUALTONGO
100,24,RANCHO JUMIPERO
100,25,LAZARO CARDENAS
100,26,GRANJA LAS MARAVILLAS
100,29,FRACCIONAMIENTO MOLINO DE LAS FLORES
100,30,MOLINO DE LAS FLORES EX-HACIENDA
100,31,MONTECILLO
100,33,RANCHO NEXTLALPAN
100,34,RANCHO EL NOPAL
100,40,RANCHO LA PROVIDENCIA
100,41,LA PURIFICACION
100,42,RANCHO SAN ANTONIO
100,43,RANCHO SAN BARTOLO
100,44,SAN BERNARDINO
100,45,RANCHO SAN BERNARDINO
100,46,SAN DIEGUITO
100,47,SAN FELIPE
100,48,SAN ISIDRO
100,49,SAN JOSE
100,51,SAN PABLO IXAYOC
100,52,SAN PEDRO COATLINCHAN
100,54,SANTA CATARINA DEL MONTE
100,55,RANCHO SANTA CRUZ DE LA CONSTANCIA
100,56,SANTA CRUZ MEXICAPA
100,57,RANCHO SANTA IRENE
100,58,RANCHO SANTA LUCIA
100,59,SANTA MARIA NATIVITAS
100,60,SANTA MARIA TECUANULCO
100,61,COLONIA SANTA MARTHA
100,62,RANCHO SANTA MONICA
100,63,RANCHO SANTA ROSA
100,64,SANTA TERESA
100,66,RANCHO EL TEJOCOTE
100,69,RANCHO XALAPANGO
100,70,XOCOTLAN
100,72,ACUEDUCTO SAN JUAN
100,74,LA ANDROMEDA
100,76,RANCHO EL CHILAR
100,77,EL DESPARRAMADERO
100,78,EJIDOS
100,79,RANCHO GAMA
100,85,MINAS DE HUEXOTLA
100,86,EL PINO
100,88,EJIDO SAN ANDRES
100,89,SAN ANDRES
100,90,SAN ANTONIO
100,91,SAN CAMILO
100,92,EJIDO SAN DIEGO
100,93,SAN JOSE
100,94,RANCHO SAN MIGUEL
100,95,EJIDO SAN MIGUEL TOCUILA
100,96,TEHCUAC
100,97,EX-HACIENDA DE TEPETITLAN
100,99,EJIDO TOCUILA
100,100,RANCHO SAN ISIDRO
100,101,GUADALUPE VICTORIA
101,1,TEZOYUCA
101,2,TEQUISISTLAN
101,3,AMPLIACION TEZOYUCA
101,4,COLONIA BUENOS AIRES
101,6,GRANJA EL OASIS
101,7,EJIDO TEQUISISTLAN I
101,8,EJIDO TEQUISISTLAN II
102,1,TIANGUISTENCO DE GALEANA
102,2,VILLA DE SAN NICOLAS COATEPEC DE LAS BATEAS
102,3,SAN PEDRO TLALTIZAPAN
102,4,SANTIAGO TILAPA
102,5,AGUA ESCONDIDA
102,6,AHUATENCO
102,7,APILULCO
102,8,ATENCO
102,10,COAMILPA DE JUAREZ
102,11,CHIQUIXPAC
102,12,LA LAGUNILLA
102,13,MEXTITLA
102,14,MIRASOL
102,15,MUMANA-ATL
102,16,OCOTENCO
102,17,SAN BARTOLO DEL PROGRESO
102,18,SAN JOSE MEZAPA
102,19,SAN LORENZO HUEHUETITLAN
102,20,SANTA CRUZ DE BRAVO
102,21,TLACOMULCO
102,22,TLACUITLAPA
102,25,TECHMANINALLI
102,26,TLAMINCA
102,27,EL BUEN SUCESO
102,28,SAN ISIDRO
102,29,SAN PABLO
102,30,SAN AGUSTIN
102,31,MAGDALENA DE LOS REYES
103,1,SAN ANDRES TIMILPAN
103,2,AGUA BENDITA
103,3,RINCON DE BUCIO
103,4,CAÑADA DE LOBOS
103,5,HIDALGO
103,6,HUAPANGO
103,7,ITURBIDE
103,8,MORELOS
103,9,OCAMPO
103,10,EL PALMITO
103,11,SAN NICOLAS
103,12,SANTIAGUITO MAXDA
103,13,SAN ANTONIO YONDEJE
103,14,ZARAGOZA
103,15,LA CAMPESINA
103,16,ENZDA
103,17,LOMAS DE EMILIANO ZAPATA
104,1,TLALMANALCO DE VELAZQUEZ
104,2,SAN LORENZO TLALMIMILOLPAN
104,3,SAN RAFAEL
104,6,RANCHO LA MESA
104,7,SAN ANTONIO TLALTECAHUACAN
104,8,RANCHO SANTA CRUZ
104,9,SANTO TOMAS ATZINGO
104,11,SAN JOSE ZAVALETA
104,16,VILLA RINCON DE LAS MONTAÑAS
104,18,COLONIA 21 DE MARZO
104,22,EL SANTUARIO
104,23,EL BRACERO
104,26,COLONIA LA PRESA
104,33,SANTA RITA
104,34,SAN LUIS
104,35,LA ESCONDIDA
104,36,RANCHO EL GAVILLERO
104,38,LOMAS DEL PEDREGAL
104,42,RANCHO EL TENAYO
104,43,LA QUEBRADORA
104,48,RANCHO EL ALMENDRAL
104,49,RANCHO EL CLACHICHIL
104,50,EJIDO SAN LORENZO
104,56,FRACCIONAMIENTO SANTA MARIA
104,58,FRACCIONAMIENTO VERGEL DE LA SIERRA
104,68,SAN CRISTOBAL TEZOPILO
104,69,RANCHO ALFA-OMEGA
104,71,SAN LUIS ACULCO
104,72,RANCHO EL PAREDON
105,1,TLALNEPANTLA DE BAZ
106,1,TLATLAYA
106,3,AGUA FRIA
106,4,EL ALAMBIQUE
106,5,LOS BARRIALES
106,11,PINZAN MORADO
106,12,CERRO DE AGUACATEPEC
106,14,CIRIAN GRANDE
106,15,EL CIRUELO
106,16,COATEPEC
106,17,CUAHUILOTES
106,18,LA COFRADIA
106,20,NUEVO COPALTEPEC
106,21,CORRAL DE PIEDRA II
106,22,CORRAL DE PIEDRA I
106,23,CORRAL DE VIGAS
106,24,EL COYOL
106,25,CRUZ DEL NORTE
106,26,CUADRILLA DEL CIRIAN
106,27,CHACHALACATENCO
106,28,EL DEVANADOR
106,30,DIECIOCHO DE MARZO
106,32,LAS ESMERALDAS
106,33,EL GAVILAN
106,34,LA GUACAMAYA
106,35,EL GUAYABO
106,37,HUIXTITLA
106,38,LOS ILAMOS
106,39,JUNTAS DEL RIO LIMON
106,40,JUNTAS DEL PASO DE JAQUINICUIL
106,41,LA LAGUNILLA
106,42,EL LIMO
106,44,LOS LIMONES
106,45,EL MANGO
106,46,LIMON TERRERO
106,47,LOMA LARGA
106,48,EL LLANO
106,49,MACUATITLA
106,50,EL MANGO
106,51,PINZAN MORADO
106,53,MAYALTEPEC
106,54,MOCTEZUMA
106,55,EL MONTON
106,56,EL NARANJO
106,57,PALMAR GRANDE
106,58,EL NARANJO
106,59,EL NARANJITO AGUA FRIA
106,60,PALMA TORCIDA
106,61,EL PANAL
106,62,LA PAROTA
106,63,LAS PAROTAS
106,64,PASO DE JAQUINICUIL
106,65,PEÑA COLORADA
106,66,PEÑA DEL ORGANO
106,67,PIE DEL CERRO DE SAN VICENTE
106,68,PIE DEL CERRO
106,69,PIEDRA ANCHA I
106,70,EL POROCHE
106,72,PUERTO DE LA ARENA
106,74,PUEBLO NUEVO
106,75,PUERTO SECO
106,76,RANCHO CUA
106,77,RANCHOS NUEVOS
106,78,RANCHO VIEJO
106,79,EL REPARO
106,80,EL REVELADO
106,81,RINCON GRANDE
106,82,SALITRE GRANDE
106,83,SALITRE OJO DE AGUA
106,84,SALITRILLO
106,85,SAN ANTONIO DEL ROSARIO
106,86,SAN FELIPE TEPEHUASTITLAN
106,87,SAN FRANCISCO DE ASIS
106,88,SAN JUAN CORRAL
106,89,SAN JUAN TETITLAN
106,90,SAN MATEO
106,91,SAN PEDRO LIMON
106,92,SANTA ANA ZICATECOYAN
106,93,SANTA CRUZ
106,94,SANTA MARIA
106,95,EL SAUZ
106,97,TECOMATLAN
106,98,TEJUPILQUITO
106,99,EL TEMBLOR
106,100,EL TERRERO
106,101,EL TERRONCILLO
106,102,TLACOCUSPAN
106,103,VUELTA DEL RIO
106,104,EL ZAPOTE
106,105,EL ZOPILOTE
106,107,LA CUEVA
106,108,LOS OCOTES
106,109,TEOPAZUL
106,110,TIERRA BLANCA
106,111,HIGO PRIETO
106,112,RIO DE TOPILAR
106,113,COLONIA BENITO JUAREZ
106,114,RINCON DEL COYOL
106,115,BARRANCA DE LAS FLORES
106,119,PUERTO MINATITLAN
106,121,RINCON DEL COYOL
106,122,SAN LUCAS
106,123,CHANO MUCIO
106,125,LA COFRADIA
106,127,TIERRA BLANCA
106,128,EL ANONO
106,129,EL MANGUITO
106,130,EL CASCALOTE
106,131,EL CONEJO
106,132,LA SARNA
106,134,PALOS VERDES
106,135,EL CAMALOTE
106,136,CAGUAYANA
106,139,PLAN DEL ALAMBIQUE
106,140,LA COFRADIA
106,143,EL TAMARINDO
106,145,PUERTO DE LOS MARTINEZ
106,146,EL TOROAL
106,147,LA VIBORA
106,148,EL ZAPOTE
106,149,LOS HORNOS
106,150,AMACUATITLA
106,151,ANCON DE LA PRESA
106,152,ANCON DE LOS CURIELES
106,153,ARENAL
106,154,EL AZUCHIL
106,155,CERRO DE LOS BAUTISTAS
106,156,EL CACAHUANANCHE
106,158,CERRO DEL MORADO
106,159,CORRAL PAROTA
106,160,EL COYOL
106,161,CUADRILLA DE FLORES
106,162,CUADRILLA NUEVA
106,163,CUADRILLA NUEVA
106,164,CUADRILLA DE LOS SOTERO
106,165,LA CUBATA
106,166,CHARCO DEL LAGARTO
106,167,EL GUITARRATEL
106,168,JUNTAS DEL PASO TOPILAR
106,169,JUNTAS DEL RIO DE ABAJO
106,170,PEÑA DEL AGUA
106,171,JUNTAS DE AZUCHIL
106,172,JUNTAS DE ZICATECOYAN
106,173,LOS MIRAVELES
106,174,MAZATITLA
106,175,LA PAROTA
106,176,PEÑA BLANCA
106,178,EL POTRERO
106,179,PLAN DE LA CUADRILLA
106,180,PUERTO DEL ORGANO
106,181,RINCON DEL AGUACATE
106,182,EL SUCHUAL DE SANTA ANA
106,183,EL TIQUIMIL
106,186,EL NARANJITO DEL PASO
106,187,EL LIMON
106,188,LA ALCANTARILLA
106,189,LA LAGUNA PUERTO DE LA ARENA
106,190,LA UNION
106,191,PIEDRA ANCHA II
106,192,CUADRILLA DE GUTIERREZ
106,193,LA LAGUNA
106,194,RANCHO EL MOLINO
107,1,TOLUCA DE LERDO
107,2,CACALOMACAN
107,3,CALIXTLAHUACA
107,4,CERRILLO VISTA HERMOSA
107,5,SAN ANDRES CUEXCONTITLAN
107,6,SAN ANTONIO BUENAVISTA
107,7,SAN DIEGO DE LOS PADRES CUEXCONTITLAN
107,8,SAN FELIPE TLALMIMILOLPAN
107,9,SAN JUAN TILAPA
107,10,SAN MARCOS YACHIHUACALTEPEC
107,11,SAN MATEO OTZACATIPAN
107,12,SAN PABLO AUTOPAN
107,13,SAN PEDRO TOTOLTEPEC
107,14,SANTIAGO TLACOTEPEC
107,15,TLACHALOYA
107,16,ARROYO VISTA HERMOSA
107,17,COLONIA AVIACION AUTOPAN
107,18,BARRIO DE LA TRINIDAD
107,19,BARRIO DE CANALEJA
107,20,CERRILLO PIEDRAS BLANCAS
107,21,BARRIO EL COECILLO
107,22,LA CONSTITUCION TOTOLTEPEC
107,23,BARRIO DEL CAJON
107,24,EL DORADO
107,26,BARRIO MAGDALENA OTZACATIPAN
107,28,PALMILLAS
107,29,BARRIO DE SAN CARLOS
107,30,SAN CARLOS AUTOPAN
107,31,SAN CAYETANO MORELOS
107,32,SAN DIEGO LINARES
107,33,SAN FRANCISCO TOTOLTEPEC
107,34,SAN JOSE DE LA COSTA
107,35,SAN JOSE GUADALUPE DE OTZACATIPAN
107,36,SAN MARTIN TOLTEPEC
107,37,SAN MIGUEL TOTOLTEPEC
107,38,SAN NICOLAS TOLENTINO OTZACATIPAN
107,39,SANTA CRUZ OTZACATIPAN
107,40,SANTIN
107,41,SEBASTIAN LERDO DE TEJADA
107,42,TECAXIC
107,43,BARRIO SAN JOSE GUADALUPE HUICHOCHITLAN
107,45,JICALTEPEC DE CUEXCONTITLAN
107,47,LA PALMA
107,51,EJIDO SANTA CRUZ ATZCAPOTZALTONGO
107,54,BARRIO DE BALBUENA
107,55,BARRIO BORDO NUEVO
107,57,SAN DIEGO DE LOS PADRES CUEXCONTITLAN SECCION 5A.
107,58,BARRIO DE JESUS FRACCION II
107,67,BARRIO LA CONCEPCION
107,68,EJIDO ALMOLOYA DE JUAREZ
107,69,EJIDO DE CALIXTLAHUACA
107,72,EL EMBARCADERO
107,74,BARRIO GUADALUPE TOTOLTEPEC
107,75,JICALTEPEC AUTOPAN
107,79,OJO DE AGUA
107,84,RANCHO SAN PABLO
107,85,BARRIO EL REFUGIO
107,87,LA LOMA CUEXCONTITLAN
107,88,TLACHALOYA 2A. SECCION
107,90,SAN BLAS TOTOLTEPEC
107,91,SAN DIEGO DE LOS PADRES CUEXCONTITLAN SECCION 5B.
107,92,SAN DIEGO DE LOS PADRES OTZACATIPAN
107,93,SAN JOSE BUENAVISTA EL CHICO
107,94,EJIDO DE SAN LORENZO TEPALTITLAN
107,96,EJIDO DE SAN MATEO OTZACATIPAN
107,97,EJIDO SAN MARCOS YACHIHUACALTEPEC
107,98,RANCHO SAN MIGUEL ZACANGO
107,99,SANTA MARIA DE GUADALUPE
107,100,ZIMBRONES
107,102,SAN BLAS OTZACATIPAN
107,105,FRANCISCO I. MADERO
107,107,SAN JOSE BUENAVISTA EL CHICO
107,108,"SECCION 7, SAN ANDRES CUEXCONTITLAN"
108,1,TONATICO
108,2,LOS AMATES
108,3,LA AUDIENCIA
108,4,EL OJO DE AGUA
108,5,LA PUERTA DE SANTIAGO
108,6,EL RINCON
108,7,SALINAS
108,8,SAN BARTOLO
108,9,SAN MIGUEL
108,10,EL TERRERO
108,11,TLACOPAN
108,12,LA VEGA
108,13,EL ZAPOTE
108,14,EL PICACHO
109,1,SANTA MARIA TULTEPEC
109,2,SANTIAGO TEYAHUALCO
109,3,CUQUIO
109,7,EL NODIN
109,10,SAN JOAQUIN
109,12,RANCHO SANTA ELENA
109,13,RANCHO LA VIRGEN
109,14,CASERIO ARCHANDA
109,15,LAS GOLONDRINAS
109,17,COLONIA SAN PABLITO O EJIDO SAN LORENZO TETLIXTAC
109,18,EJIDO TEYAHUALCO
109,19,TLALMELACA
109,20,PARAJE TRIGOTENCO
109,21,EJIDO TULTEPEC
109,22,XACOPINCA
110,1,TULTITLAN DE MARIANO ESCOBEDO
110,2,FUENTES DEL VALLE
110,3,SAN PABLO DE LAS SALINAS
111,1,VALLE DE BRAVO
111,2,COLORINES
111,3,SAN MATEO ACATITLAN
111,4,EL AGUACATE
111,5,LOS ALAMOS
111,6,LA CANDELARIA
111,7,CASAS VIEJAS
111,8,EL CASTELLANO
111,9,EL CERRILLO
111,10,CERRO COLORADO
111,11,CERRO GORDO
111,13,CUADRILLA DE DOLORES
111,14,GODINEZ TEHUASTEPEC
111,15,LA LAGUNA
111,16,LOMA DE CHIHUAHUA
111,17,LOMA DE RODRIGUEZ
111,18,EL MANZANO
111,19,MESA DE DOLORES
111,20,MESA DE JAIMES
111,22,LOS PELILLOS
111,23,LOS POZOS
111,24,RINCON DE ESTRADAS
111,25,SAN GABRIEL IXTLA
111,26,SAN JOSE POTRERILLOS
111,27,SAN JUAN ATEZCAPAN
111,28,SAN NICOLAS TOLENTINO
111,29,SAN RAMON
111,30,SAN SIMON EL ALTO
111,31,SANTA MAGDALENA TILOXTOC
111,32,SANTA MARIA PIPIOLTEPEC
111,34,HUERTA SAN AGUSTIN
111,35,SANTA ROSA
111,36,SANTA TERESA TILOXTOC
111,37,LOS SAUCOS
111,38,RANCHO AVANDARO
111,39,MESA DE DOLORES PRIMERA SECCION
111,40,ATESQUELITES
111,41,BARRIO DE GUADALUPE
111,42,EL DURAZNO
111,43,LAS JOYAS
111,44,PEÑA BLANCA
111,45,EL ARCO
111,48,LA COMPAÑIA
111,49,EL FRESNO
111,50,SAN GASPAR
111,51,LOS ESPINOS
111,52,TOMATILLOS
111,53,EL NARANJO
111,54,MATA REDONDA
111,55,BARRANCA FRESCA
111,56,TIERRA GRANDE
111,57,TEHUASTEPEC
111,58,CALDERONES
111,59,EL TROMPILLO
111,60,PIEDRA DEL MOLINO
111,61,MESA RICA
111,64,LA BOQUILLA
111,65,BARRIO DE SANTA ROSA
111,66,LA MECEDORA
111,67,MESA DE PALOMAS
111,69,LA PALMA
111,71,SAN VICENTE ESCALERILLAS
111,72,TENANTONGO
111,73,TRES PUENTES
111,74,LA VOLANTA
111,75,EL AGUACATE
111,76,SANTO TOMAS EL PEDREGAL
112,1,SAN JOSE VILLA DE ALLENDE
112,2,LOMA DE JUAREZ
112,3,EL AVENTURERO
112,4,BATAN CHICO
112,5,LOS BERROS
112,6,BOSENCHEVE
112,7,BUENAVISTA 23
112,8,CABECERA DE INDIGENAS
112,9,CERRO DE GUADALUPE
112,10,SALITRE DEL CERRO
112,11,CUESTA DEL CARMEN
112,12,LAS DALIAS
112,13,FILIBERTO GOMEZ
112,14,EL JACAL
112,15,SABANA DEL MADROÑO
112,16,MESAS DE SAN MARTIN
112,17,MESAS DE ZACANGO
112,18,LA PIEDRA
112,19,SABANA DE LA PEÑA
112,20,SABANA DE SAN JERONIMO
112,21,SABANA DE SAN JERONIMO (2)
112,22,SABANA DEL REFUGIO
112,23,SABANA DEL ROSARIO
112,24,SABANA TABORDA PRIMERA SECCION
112,25,SABANA TABORDA SEGUNDA SECCION
112,26,SAN CAYETANO
112,27,SAN FELIPE SANTIAGO
112,28,SAN FRANCISCO DE ASIS
112,29,SAN ILDEFONSO
112,30,SAN ISIDRO
112,31,SAN JERONIMO TOTOLTEPEC
112,32,BARRIO DE SAN JUAN
112,33,SAN JUAN BUENAVISTA
112,35,SAN PABLO MALACATEPEC
112,36,BARRIO DE SAN MIGUEL
112,37,SANTA MARIA DE LAS DELICIAS
112,38,SANTA TERESA
112,39,SOLEDAD DEL SALITRE
112,40,VARE CHIQUICHUCA
112,41,"BARRIO DE SANTA CRUZ, SAN JERONIMO TOTOLTEPEC"
112,42,EJIDO SAN MARTIN
112,43,MANZANA LA PERA
112,44,SANTA CRUZ (2)
112,45,RANCHO MORELOS
112,46,LOMA DE SAN PABLO
112,47,EJIDO DE SANTIAGO
112,49,LAS CASITAS
112,50,CASA BLANCA
112,51,EL CLARIN
112,52,EL CHIRIMOYO
112,53,LOS HOYOS
112,54,"LENGUA DE VACA (PUERTO, EL)"
112,55,MACIA
112,56,MANZANA DE CASTHE
112,57,MESAS DE SAN JERONIMO
112,58,MANZANA LOS COLCHONES
112,59,SAN MIGUEL LA MAQUINA
112,60,EL POTRERO
112,61,BARRIO DE SANTIAGO
112,62,AMPLIACION EJIDO DE SAN IDELFONSO
112,63,MESA CHICA
112,64,LOMA CHICA
112,65,MANZANA LA PEÑA
112,67,BARRIO CHIQUICHUCA
112,68,MONTE ALTO
113,1,VILLA DEL CARBON
113,2,EL ARENAL
113,3,LOS ARANA
113,4,EL AGUILA
113,5,LOS BARBECHOS
113,6,LA CRUZ Y CARRIZAL
113,7,LA CAÑADA
113,8,SANTA CATARINA
113,9,LA CAPILLA
113,10,EL CERRITO
113,11,LA ESCALERA
113,12,LA ESPERANZA
113,13,LAS GOLONDRINAS
113,14,LOMA ALTA TAXHIMAY
113,15,LOMA DE LA HACIENDA
113,16,LOMA ALTA
113,17,EL LLANO DE ZACAPEXCO
113,18,LAS MORAS
113,19,MONTE DE PEÑA
113,20,LOS ORATORIOS
113,21,EL OCOTAL
113,23,EL PALOMAR
113,24,PALO HUECO
113,25,LOS PLATITOS
113,26,PIEQUEXHIMO
113,27,PUEBLO NUEVO
113,28,SAN LUIS TAXHIMAY
113,29,SAN SALVADOR DE LA LAGUNA
113,30,SAN LUIS ANAHUAC
113,31,SAN LUCAS
113,32,SAN MARTIN CACHIHUAPAN
113,33,SANTA MARIA
113,34,SAN ISIDRO DEL BOSQUE
113,35,VILLA DEL ACTOR
113,36,EL VARAL
113,37,LAS VIGAS
113,38,CRUZ DEL ARENAL
113,39,FRACCIONAMIENTO VILLA DEL RIO
113,40,LOS GONZALEZ
113,41,POTRERO LARGO
113,42,LLANO GRANDE
113,43,EL MAGUEYAL
113,44,LOS MOLINITOS
113,45,LOS ALANICES
113,46,BOCA NEGRA
113,47,FRACCIONAMIENTO LA ARRASTRADERA
113,48,RANCHERIA LOS MADROÑOS
113,49,LOMA DE DON JUAN
113,50,SAN RAFAEL
113,51,EL TEJOCOTE
113,52,TEMANACOYA
113,53,EL TERRERO
113,54,RANCHO CELAYA
113,55,XAJAY
113,56,LA CIENEGA
113,57,LOMA DE TROJES
113,58,LA CENTINELA
113,59,EL CALVARIO
113,60,LOS RUEDA
113,61,LOMA DE LA CRUZ LAS VIGAS
113,62,FRACC VILLAS DE LA LOMA
114,1,VILLA GUERRERO
114,2,SANTIAGO OXTOTITLAN
114,3,ZACANGO
114,4,BUENAVISTA
114,5,EL CARMEN
114,6,COXCACOACO
114,7,CRUZ VIDRIADA
114,8,EJIDO DE LA FINCA
114,9,EJIDO SAN MATEO COAPEXCO
114,10,LA FINCA
114,11,EL ISLOTE
114,12,EL IZOTE
114,13,JESUS CARRANZA
114,14,LA JOYA
114,15,LA LOMA DE LA CONCEPCION
114,16,MATLAZINCA
114,17,EL MORAL
114,18,EL PEÑON
114,19,PORFIRIO DIAZ
114,20,POTRERO DE LA SIERRA
114,21,POTRERO NUEVO
114,22,EL PROGRESO HIDALGO
114,23,SAN BARTOLOME
114,24,SAN DIEGO
114,25,SAN FELIPE
114,26,SAN FRANCISCO
114,27,SAN GASPAR
114,28,SAN JOSE
114,29,SAN JOSE LOS RANCHOS
114,30,SAN LUCAS
114,31,SAN MATEO COAPEXCO
114,32,SAN MIGUEL
114,33,SAN PEDRO BUENOS AIRES
114,34,SANTA MARIA ARANZAZU
114,35,TEQUIMILPA
114,36,TOTOLMAJAC
114,37,LOMA DEL CAPULIN
114,40,SAN MARTIN
114,41,CUAJIMALPA
114,45,LOS ARROYOS
114,46,LOMA LINDA
114,47,EL POTRERO
114,49,SAN LUCAS TOTOLMAJAC
115,1,VILLA VICTORIA
115,2,LA ALAMEDA
115,3,PALIZADA
115,4,BARRIO DEL CERRILLO
115,5,CASAS COLORADAS
115,6,EL CATORCE
115,7,LOS CEDROS
115,8,CENTRO DEL CERRILLO
115,9,CERRITOS DEL PILAR
115,10,CUADRILLA VIEJA
115,11,DOLORES VAQUERIAS
115,12,EL ESPINAL
115,14,COL. DR. GUSTAVO BAZ
115,15,EL HOSPITAL EJIDO
115,16,JESUS MARIA
115,17,JESUS MARIA EJIDO 2A SECCION
115,19,LAGUNA SECA EJIDO PRIMERA SECCION
115,20,LOMA DE LOS REMEDIOS
115,21,LOMA DE SAN JOSE
115,23,EJIDO DE LOS PADRES
115,24,RANCHO LOS PADRES
115,26,EJIDO LAS PEÑAS
115,27,LAS PEÑAS
115,28,POTRERO DE SAN DIEGO
115,29,LA PUERTA DEL PILAR
115,30,RANCHO DE LOS PADRES PROPIEDAD
115,31,SAN AGUSTIN ALTAMIRANO PRIMERA SECCION
115,32,EJIDO SAN AGUSTIN ALTAMIRANO
115,33,SECCION DE GUADALUPE
115,34,SAN AGUSTIN BERROS
115,35,SAN AGUSTIN CANOHILLAS PRIMERA SECCION
115,36,SAN DIEGO DEL CERRITO
115,37,SAN DIEGO SUCHITEPEC
115,38,SAN FELIPE DE LA ROSA
115,39,SAN JOAQUIN DEL MONTE
115,40,SAN LUIS ALTO
115,42,SAN LUIS LA GAVIA
115,44,SAN MARCOS DE LA LOMA
115,45,SANSON
115,46,SANTA ISABEL DEL MONTE
115,47,SANTIAGO DEL MONTE
115,48,SAN PEDRO DEL RINCON
115,50,EL SITIO CENTRO
115,51,EJIDO EL SITIO
115,52,SUCHITIMBER
115,53,TURCIO PRIMERA SECCION
115,54,TURCIO SEGUNDA SECCION
115,55,TURCIO TERCERA SECCION
115,56,UNION BERROS
115,57,LOS VELAZQUEZ
115,58,VENTA DE OCOTILLOS (OCOTILLOS)
115,59,EL HOSPITAL
115,60,BARRIO DEL CENTRO DEL CERRILLO
115,65,JESUS MARIA MONTE ALTO
115,66,PROPIEDAD LAGUNA SECA
115,69,SAN AGUSTIN ALTAMIRANO SEGUNDA SECCION
115,73,SAN ROQUE
115,75,BARRIO DE RAMEJE
115,77,BARRIO DE PUENTECILLAS
115,78,SANTA CRUZ DE LA ROSA
115,79,LOS MATORRALES
115,80,EL ATOLE
115,81,AGUA ZARCA
115,82,AGUA GRANDE
115,83,BARRIO DE LOS AVIONES
115,84,BARRIO DE LOS CEDROS
115,85,BARRIO DEL PANTEON
115,86,BARRIO DE SAN ISIDRO
115,87,BARRIO DE SAN MIGUEL
115,88,BARRIO DE LA PROVIDENCIA
115,89,BARRIO DE NUEVO BOSQUE
115,90,CAMPO NUEVO
115,91,EL CAPULIN
115,92,CERRILLO CHICO
115,93,LA CAMPANILLA
115,96,"HOSPITAL PROPIEDAD, DOS ESTRELLAS"
115,97,LAGUNA SECA SEGUNDA SECCION
115,98,EL HOSPITAL PROPIEDAD
115,99,EL JACAL
115,100,LOMA DE GUADALUPE
115,101,LOMA LARGA
115,102,LOMA DEL LIENZO 2A. SECCION
115,103,LOMA DEL BURRO
115,104,LOMA DEL MOLINO
115,105,LOMA DE LA ROSA
115,107,MESA DEL ESPINAL
115,108,LAS MILPAS
115,109,OJO DE AGUA
115,111,SAN AGUSTIN CANOHILLAS SEGUNDA SECCION
115,113,SAN ANTONIO DEL RINCON
115,114,EL FRESNO SAN AGUSTIN
115,117,VAQUERIAS PALIZADA
115,118,EL VIVERO
115,119,EJIDO VILLA VICTORIA
115,120,LA PRESA
115,121,LOMA DEL LIENZO 1A SECCION
115,122,CERRILLO GRANDE
115,123,EJIDO LA PUERTA DEL PILAR
115,124,LA MESA
115,125,PIEDRAS BLANCAS CENTRO
115,126,PIEDRAS BLANCAS SUR
115,213,MINA VIEJA
115,214,SAN LUIS LA MANZANA
115,215,BARRIO EL OCOTE
115,216,SAN LUIS LAS AGUILAS
115,217,LOMAS DEL VALLE
115,219,SANSON EL RIEGO
115,221,TURCIO LA LOMA
115,222,"SAN AGUSTIN MONTE ALTO, LA TRAMPA"
115,223,OJITOS DE AGUA
116,1,XONACATLAN DE VICENCIO
116,2,DOLORES
116,3,BARRIO DE GUADALUPE
116,4,EL ESPINO
116,5,LA JARDONA
116,6,SANTA MARIA ZOLOTEPEC
116,7,LA MANGA
116,8,MEZONES
116,9,EL POTRERO
116,10,SAN ANTONIO LA FE
116,11,SAN JUAN
116,13,SAN MIGUEL MIMIAPAN
116,14,SANTIAGO TEJOCOTILLOS
116,15,MORILLOS
116,16,LA CORONA
116,17,LA CUMBRE
116,18,DOS CAMINOS
116,19,LOS LAURELES
116,20,EMILIANO ZAPATA
116,21,LA FE
116,22,LA GONDA
116,23,LOMAS DE ZOLOTEPEC
116,24,SAN PEDRO
116,25,SANTA CRUZ
116,26,LA SOLEDAD
116,27,TENERIA
116,28,EJIDO DE ZOLOTEPEC
116,29,PIEDRA NEGRA
116,30,LA CAÑADA
117,1,ZACAZONAPAN
117,2,LA ALCANTARILLA
117,3,LA CAÑADA
117,4,NARANJO
117,5,EL POTRERO
117,6,SANTA MARIA
117,7,TEMASCAL
117,8,TIZAPAN
117,9,EL ARRASTRADERO
117,10,EL PUENTE
117,11,EL PUERTO
118,1,ZACUALPAN
118,2,AGUA DULCE
118,3,APETLAHUACAN
118,4,AYOTUXCO
118,5,CALATEPEC
118,6,LA CANAL
118,7,COLOXTITLAN
118,8,CORONAS
118,9,EL CORTIJO
118,10,EL DESPOBLADO
118,11,EL DURAZNO
118,12,LOS EJIDOS
118,13,EL FRESNO
118,14,GAMA DE LA PAZ
118,15,HUAXTITLA
118,16,HUITZOLTEPEC
118,17,LAS HUERTAS
118,18,IXTAYOTLA
118,19,LA LUZ
118,20,MAMATLA
118,21,PIEDRA PARADA
118,22,LOS PLANES VISTA HERMOSA
118,23,RIO FLORIDO 1A SECCION
118,24,RIO FLORIDO 2A SECCION
118,25,EL SALTO
118,26,SAN ANTONIO AMEALCO
118,27,SANTIAGO
118,28,EL SITIO
118,29,TEOCALTZINGO
118,30,TEPEXTITLA 1A SECCION
118,31,TEPEXTITLA 2A SECCION
118,32,TEPEXTITLAN
118,33,TETZICAPAN
118,34,TLAPEXCO
118,35,TRES CRUCES
118,36,LA TRINIDAD
118,37,EL VERDECILLO
118,38,YOLOTEPEC
118,39,ZACUALPILLA
118,40,ZOTZOCOLA
118,41,EL ALACRAN
118,42,PUERTO OSCURO
118,43,MEMETLA
118,44,LA HACIENDITA
118,45,ACOLICLA
118,46,LAS ARRASTRAS
118,48,CERRO DE LA CAMPANA
118,49,CERRO DE TENAMASTEPEC
118,50,COFRADIA
118,51,EL COLORIN
118,52,EL COYOL
118,55,CRUZ DEL QUIOTE
118,56,LOS EPAZOTES
118,60,HUITITITLA
118,62,LA MORA
118,63,NARANJASTITLA
118,64,EL PARAJE
118,65,SAN JERONIMO
118,66,TECHALUTLA
118,67,VELIXTLA
118,68,VALLE ENCANTADO
118,69,CERROS CUATES
118,70,EL SITIO UNION
119,1,SAN MIGUEL ZINACANTEPEC
119,2,EMILIANO ZAPATA
119,3,SAN ANTONIO ACAHUALCO
119,4,SAN JUAN DE LAS HUERTAS
119,5,SANTA CRUZ CUAUHTENCO
119,6,SANTA MARIA DEL MONTE
119,7,BUENA VISTA
119,8,CERRO DEL MURCIELAGO
119,9,EL CONTADERO DE MATAMOROS
119,10,EL COPORO
119,11,CUAUHTEMOC
119,12,EL CURTIDOR
119,13,DE LA ROSA
119,14,RICARDO FLORES MAGON
119,16,LOMA ALTA
119,17,LOMA DE GONZALEZ
119,18,LOMA DE SAN FRANCISCO
119,19,BARRIO DE MEXICO
119,20,COLONIA MORELOS
119,21,OJO DE AGUA
119,22,OJUELOS O SAN JORGE
119,23,PROGRESO
119,24,LA PUERTA DEL MONTE
119,25,RECIBITAS
119,26,RINCONADA DE TECAXIC
119,27,SAN BARTOLO DEL LLANO
119,28,SAN BARTOLO EL VIEJO
119,29,SAN LORENZO CUAUHTENCO
119,30,SAN MATIAS TRANSFIGURACION
119,31,SAN PEDRO TEJALPA
119,32,SANTA MARIA NATIVITAS
119,33,SERRATON
119,34,LAS CULTURAS
119,35,TEJALPA
119,36,COLONIA EL BARRIAL
119,37,BARBABOSA
119,38,COLONIA LA VIRGEN
119,39,LA CIERVITA
119,40,COLONIA LA CRUZ
119,42,HABITAT SAN JOSE
119,43,LA JOYA
119,45,RAICES
119,47,TESTERAZO
119,48,ZIMBRONES
119,50,LA PEÑUELA
119,51,CRUZ COLORADA
119,53,LOMA DE POTE
119,54,SAN MIGUEL HOJAS ANCHAS
119,56,COL. IRMA PATRICIA GALINDO DE REZA
119,57,COL. DEPORTIVA
119,58,AGUA BLANCA
119,59,LOMA DE SAN FRANCISCO
119,60,EJIDO SAN FRANCISCO TLALCILALCALPAN
120,1,ZUMPAHUACAN
120,2,EL AHUATZINGO
120,3,GUADALUPE AHUACATLAN
120,4,GUADALUPE TLAPIZALCO
120,5,GUADALUPE VICTORIA
120,6,SAN ANTONIO GUADALUPE
120,7,SAN GASPAR
120,8,SAN PABLO TEJALPA
120,9,SAN PEDRO GUADALUPE
120,10,SANTA CRUZ ATEMPA
120,11,SANTA CRUZ DE LOS PILARES
120,12,EL TAMARINDO
120,13,EL ZAPOTE
120,14,SANTIAGUITO
120,15,SAN JOSE TECONTLA
120,16,SAN MIGUEL ACTEOPAN
120,18,SAN NICOLAS PALO DULCE
120,19,SAN JUAN
120,20,SAN MIGUEL
120,21,SANTA ANA
120,22,SANTA CATARINA
120,23,SANTA MARIA LA ASUNCION
120,24,CHIAPA SAN ISIDRO
120,25,GUADALUPE CHILTAMALCO
120,26,LLANO DEL COPAL
120,27,SAN MATEO DESPOBLADO
121,1,ZUMPANGO DE OCAMPO
121,2,PUEBLO NUEVO DE LOS MORELOS
121,3,SAN BARTOLO CUAUTLALPAN
121,4,SAN JUAN ZITLALTEPEC
121,5,SAN SEBASTIAN
121,6,SANTA LUCIA BASE AEREA
121,7,SANTA MARIA CUEVAS
121,8,EL ARBOLITO
121,9,BARRIO ESPAÑA
121,10,BUENAVISTA
121,11,C.T.C. UNIDAD HABITACIONAL
121,12,RANCHO EL CHILAR
121,13,LAZARO CARDENAS
121,14,LOMA LARGA
121,15,LAS PALMAS
121,16,LOS PRADOS
121,18,SAN JOSE DE LA LOMA
121,19,RANCHO SAN JUAN DE LAS VEGAS
121,20,SAN JUAN DE DIOS
121,22,SAN MIGUEL BOCANEGRA
121,23,COLONIA SANTA LUCIA
121,24,SANTA MARIA DE GUADALUPE
121,25,RANCHO EL TRIANGULO
121,26,LOS AGUILAR
121,27,RANCHO LOS AGUIRRE
121,28,COLONIA ALCANFORES
121,29,AMPLIACION BUENAVISTA
121,30,AQUILES SERDAN
121,31,EJIDO DE BARRIO SANTIAGO
121,32,EL BERRINCHE
121,33,RANCHO BONFIL
121,34,RANCHO BONITO
121,37,EL CAPRICHO
121,38,RANCHO EL CARMEN
121,41,RANCHO COLORADO
121,42,LA CONSTANCIA
121,43,EL CRECIDO
121,44,COLONIA EJIDAL
121,45,GRANJA EGLANTINA
121,46,RANCHO EL ENSUEÑO
121,48,GRANJA LA ESPERANZA
121,49,GRANJA PORCINA DE LA FLOR
121,51,GONZALEZ CASA SOLA
121,52,HORNOS
121,53,RANCHO INFANTE
121,55,GRANJA LINDA
121,56,LOMA BONITA
121,57,LOMBRIMEX
121,58,RANCHO MARIA LUPE
121,59,LOS MARTINEZ
121,63,LAS PALOMAS
121,64,RANCHO PEREZ TURLAY
121,65,RANCHO EL PILOTO
121,67,EL PLAN
121,68,LAS POLAS
121,69,GRANJA LOS POLLOS
121,70,LAS PRESAS
121,72,LAS PUEBLAS
121,73,LA PURISIMA
121,75,LA QUINTA 3
121,76,LOS RODRIGUEZ
121,77,ROJAS GAMBOA
121,78,RANCHO ROJAS
121,79,RANCHO SAN AGUSTIN
121,80,EJIDO SAN BARTOLO
121,81,SAN CALIXTO
121,82,SAN FRANCISCO DE ASIS
121,84,SAN LORENZO
121,85,EJIDO SAN SEBASTIAN
121,86,RANCHO SANTA ISABEL
121,87,SANTA MARIA
121,89,GRANJA SANTILLAN
121,91,RANCHO LA SOLEDAD
121,92,UNIDAD ZUMPANGO
121,93,VALLE HERMOSO
121,94,RANCHO VARELA
121,95,RANCHO LOS VAZQUEZ
121,98,LA ZURDA
121,99,CAMINO VIEJO
121,100,RANCHO LA ESPERANZA
121,102,SAN CALLETANO
121,103,GRANJA PORONA
121,104,SAN JUAN DE GUADALUPE
121,105,FLORES
121,108,LOS PIRINEOS
121,110,RANCHO 3 HERMANOS
121,111,PUEBLO NUEVO
121,112,SAN ANTONIO DE LAS ARENAS
121,113,SAN ISIDRO
121,114,SAN ISIDRO
122,1,XICO
122,2,VALLE DE CHALCO SOLIDARIDAD
122,3,SAN MARTIN XICO
123,3,LUVIANOS
123,5,SAN JUAN ACATITLAN
123,11,AVELLANEDA
123,14,EL CAMPANARIO
123,16,CAÑADAS DE NANCHITITLA
123,17,CARRIZAL
123,19,LA CHAQUETA
123,22,CERRO DEL VENADO
123,24,CRUZ DE CLAVOS
123,28,SAN JOSE ESTANCIA GRANDE
123,29,EL ESTANCO
123,31,HERMILTEPEC
123,32,HORMIGUEROS
123,33,IGLESIA VIEJA
123,42,EL NARANJO DE SAN ISIDRO
123,45,PALO GORDO
123,49,PIE DE LA LOMA
123,50,PIEDRA GRANDE
123,51,PINZANES
123,55,PUNGARANCHO
123,56,EL PUEBLITO
123,58,PUERTO DEL SALITRE
123,59,RANCHO VIEJO
123,67,SAN ANTONIO
123,71,SAN SEBASTIAN
123,73,EL SAUZ PALO GORDO
123,79,TOMA DE AGUA
123,80,TROJES
123,84,LAS CAÑITAS
123,85,LA PAROTA
123,86,LOS PINZANES
123,87,EL NARANJO
123,92,LOS ARRAYANES
123,94,EL AGUACATE
123,97,LAS ANONAS
123,99,LAS ANONAS
123,100,LOS ARRAYANES DEL TANQUE
123,101,LA ANGOSTURA
123,106,LOS ARRAYANES
123,108,ARROYO SECO
123,113,LOS BANCOS
123,114,EL BRASIL
123,117,BUENA VISTA
123,122,LA CAÑADA
123,123,EL CAPIRE
123,124,EL CAPULIN CHICO
123,132,CIPRIANES
123,133,CUADRILLA DE CARBAJALES
123,134,CALAVERAS
123,135,EL CAPIRE DE ACATITLAN
123,136,CRUZ DE PIEDRA
123,137,CERRO DEL AGUA
123,140,CALABAZOS
123,141,LA CANOA
123,145,EL CUAHUILOTE
123,147,EL CERRO
123,151,EL CAPULIN
123,155,LA UNIDAD
123,157,EL CARRIZAL
123,160,CAJA DE AGUA
123,162,EL CAPIRE
123,163,CERRO DE LA CULEBRA
123,164,EL CIRIAN
123,165,CORRAL DE BARRO
123,166,CUADRILLA DE BENITEZ
123,169,CUADRILLA DE SANCHEZ
123,174,LA CAMELINA
123,175,LOS OCOTES
123,177,OJO DE AGUA
123,178,CHIRIMOYA
123,179,PUERTO DE LOS DURAZNOS
123,181,LA ESTANCIA DE NANCHITITLA
123,189,HUISTEPEC
123,191,EL HILAMACHE
123,192,EL HUIZACHE
123,199,JOCO LECHE
123,201,JAQUINICUIL
123,202,EL JAGUEY JALPAN
123,207,LAS LAJAS
123,210,LAS LAJAS
123,211,LA LAGUNA
123,213,EL LIMON
123,215,EL LIMON
123,217,LOS LLANITOS
123,220,EL MANGUITO
123,222,LA MESA DEL POTRERO CHIQUITO
123,223,LA MESA
123,226,MESA DE NIETOS
123,230,MAGADAN
123,231,EL MANGUITO
123,234,MANGO SOLO
123,239,MAJADA DE LOS ENCINOS
123,243,MONTE VERDE
123,245,MESA COLORADA
123,247,EL MAMEY ACATITLAN
123,248,NAVARRETE
123,253,EL NARANJITO
123,258,EL OJO DE AGUA
123,260,OJO DE AGUA
123,261,CUAJILOTES
123,268,EL POTRERO
123,271,EL PUERTO DE LA SOSA
123,272,PALO VERDE
123,277,SALITRE DEL PUENTE
123,278,PUERTO DE ALBOREJO
123,279,PUERTO DEL HIGO
123,282,EL PLATANO
123,287,POTRERO DE PALMARILLOS
123,289,LOS POZOS
123,290,EL PUEBLITO BUENA VISTA
123,292,LA PALMA
123,293,PLAN DE CHIHUAHUA
123,296,LAS PAREDES
123,300,PEÑA CALVA
123,301,LOS PERICONES
123,303,LAS PALMAS
123,304,PALOS PRIETOS
123,305,PASO DE LA ARENA
123,306,PASO DEL AGUA
123,310,PIEDRA COLORADA
123,313,EL PUEBLITO
123,314,PUERTA DE GOLPE
123,318,RINCON DE CIPRIANES
123,319,RINCON DE ARRAYANES
123,320,RINCON DEL NARANJO LA PRESA
123,321,EL REPARO
123,326,RINCON DE MARTINEZ
123,330,EL RINCON PIEDRA GRANDE
123,331,RINCON DE GONZALEZ
123,332,RINCON DE RODRIGUEZ
123,334,EL RODEO
123,337,RINCON DE GUAYABOS
123,339,SALITRE ESTANCIA GRANDE
123,341,SALITRILLOS
123,343,SESTADERO DE ARRIBA
123,346,SANTA CRUZ
123,347,SESTEADERO
123,348,SALITRE PIEDRA GRANDE
123,354,SANTA ROSA ESTANCIA GRANDE
123,355,SAN NICOLAS
123,356,SANTA ROSA HERMILTEPEC
123,357,SAN SIMON PIEDRA GRANDE
123,363,TRES ENCINOS
123,364,LAS TROJAS
123,365,LA TOMA
123,367,EL TECUAN
123,368,EL TANQUE
123,372,VALLECITO
123,378,LOS TEQUEREQUES
123,379,CERRO DE CASTELANES
123,381,RINCON DE VARGAS
123,383,RINCON DE SAN LUCAS
123,384,RINCON CRUZ DE CLAVOS
123,386,PUERTO DE LA ESTANCIA
123,387,SAN SEBASTIAN I
123,388,RINCON DE ALAMBRE
123,389,CRISTO REY
123,390,CEIBA OBSCURA
123,391,CORRAL NUEVO
123,392,CUADRILLA DE ROGELES
123,393,SAN ANTONIO LAS LAJITAS
123,394,RINCON DE HILAMACHE
123,395,RIO FRIO ESTANCIA GRANDE
124,3,GUARDA DE LA LAGUNITA EL PUEBLITO
124,4,SAN ANTONIO PUEBLO NUEVO
124,8,"AGUA ZARCA, PUEBLO NUEVO"
124,10,BUENAVISTA CASA BLANCA (1)
124,14,LA CAÑADA DEL ZAUCO
124,18,CEDRO DE LA MANZANA
124,20,CIENEGUILLAS
124,22,CONCEPCION DE LA VENTA
124,23,CONCEPCION DEL MONTE
124,25,EJIDO EL CONSUELO
124,28,LA CHISPA
124,30,BARRIO SANTA JUANITA EL DEPOSITO
124,35,LA ESPERANZA
124,37,FABRICA CONCEPCION
124,38,FABRICA PUEBLO NUEVO
124,39,FALDA DE LA LOMA
124,42,GUADALUPE CHICO
124,43,GUADALUPE BUENAVISTA
124,45,GUADALUPE DEL PEDREGAL
124,46,GUADALUPE DEL PEDREGAL LA PALMA
124,47,GUADALUPE LAS CABRAS
124,48,GUARDA DE GUADALUPE
124,49,GUARDA DE SAN ANTONIO BUENAVISTA
124,50,JALTEPEC
124,51,JESUS CARRANZA
124,52,LOS LOBOS
124,53,LOMA DEL RANCHO
124,56,LA MESA
124,57,MINITA DEL CEDRO
124,60,PALO AMARILLO
124,62,PANCHO MAYA
124,63,PATHE MULA DE LOS CEDROS
124,64,LOS PINTADOS
124,65,EL PINTAL
124,66,EL PORVENIR
124,67,PROVIDENCIA EJIDO EL DEPOSITO
124,69,BARRIO EL QUELITE PUEBLO NUEVO
124,70,RAMEJE EJIDO EL DEPOSITO
124,73,ROSA DE LA PALMA
124,75,ROSA DEL PALO AMARILLO
124,76,LAS ROSAS
124,77,SABANETA
124,78,EJIDO DE SANACOCHE
124,79,SANACOCHE CENTRO
124,84,SAN FELIPE DE JESUS
124,85,SAN FRANCISCO DE LA LOMA
124,86,SAN FRANCISCO SOLO
124,89,SAN JERONIMO DE LOS DOLORES
124,91,SAN JERONIMO PILITAS
124,92,SAN JOAQUIN DEL MONTE
124,93,SAN JOSE DEL RINCON CENTRO
124,94,SAN JOSE DEL RINCON EJIDO
124,96,SAN JUAN EVANGELISTA FRACCION 10
124,101,SAN MIGUEL AGUA BENDITA
124,102,SAN MIGUEL CHISDA
124,104,SAN MIGUEL DEL CENTRO
124,106,SAN ONOFRE EJIDO
124,107,SAN ONOFRE CENTRO
124,114,SANTA CRUZ DEL RINCON
124,115,SANTA CRUZ DEL TEJOCOTE
124,118,CEBATI
124,119,LA SOLEDAD EL GUARDA
124,121,LA SOLEDAD II
124,123,LA TRAMPA CHICA
124,125,TRINIDAD CONCEPCION
124,129,EL VALERIO
124,131,YONDECE DEL CEDRO
124,132,YONDECE EL GRANDE
124,134,EL HUIZACHE
124,135,LLANO SAN JUAN PALO SECO
124,136,SAN ANTONIO
124,137,SAN JOAQUIN LAMILLAS
124,139,BUENAVISTA CASA BLANCA (2)
124,140,LA DESVIACION
124,143,LOS LOBOS SEGUNDA SECCION
124,146,LIJADERO
124,148,RANCHERIA DE DOLORES
124,149,LA CURVA
124,150,RANCHO LA ROSA
124,151,EL CALVARIO
124,158,SANTA ANA
124,160,SANTA RITA
124,164,RANCHO EL ENCINAL
124,168,EL CABLE EJIDO EL DEPOSITO
124,169,LAS CANOAS
124,170,GARATACHEA
124,171,EL CERRITO
124,172,EL CUARENTA Y CUATRO
124,173,CHIVATI
124,175,ESTACION TRINIDAD
124,177,EL FRESNO
124,178,BARRIO EL LLANO DE LAS ROSAS
124,179,LA LAGUNA
124,180,SAN JUAN PALO SECO
124,181,LA PALMA
124,183,PLAZA DE GALLOS
124,184,BARRIO EL PINTADO PUEBLO NUEVO
124,185,BARRIO PUENTECILLAS EL DEPOSITO
124,186,BARRIO PUNDEREJE EL DEPOSITO
124,187,PURUNGUEO
124,188,PURISIMA JALTEPEC
124,189,LA PURISIMA
124,190,ROSA SAN ANTONIO
124,192,SAN ANTONIO PALO SECO
124,193,SAN BARTOLO
124,194,EL SALTO
124,195,SAN ISIDRO
124,197,BARRIO SAN DIEGO PUEBLO NUEVO
124,198,BARRIO SAN JOAQUIN LAMILLAS
124,199,BARRIO SAN RAMON DE LAS ROSAS
124,200,BARRIO SANTA CRUZ PUEBLO NUEVO
124,202,LA TRAMPA GRANDE
124,203,EL LINDERO
124,204,GUARDA DE LA LAGUNITA (2)
124,208,RANCHO EL GUARDA
124,209,COLONIA EMILIANO ZAPATA AMPLIACION LA MESA
124,210,RANCHO EL GUARDA EJIDO
124,211,BARRIO LLANO GRANDE JALTEPEC
124,212,BARRIO EL RANCHO JALTEPEC
124,213,BARRIO LOMA GRANDE SAN ANTONIO PUEBLO NUEVO
124,214,RANCHERIA LOS PINTADOS
124,215,BARRIO RACHIVATI
124,216,BARRIO LA MAGDALENA SAN JUAN PALO SECO
124,217,BARRIO LOS CEDROS SAN JUAN PALO SECO
124,218,COLONIA BENITO JUAREZ
124,219,BARRIO EL OCHO EL PINTAL
124,220,LOMA DEL CEDRO SEGUNDA SECCION
124,221,LOMA DEL CEDRO EL DEPOSITO
124,222,LA PUERTA SAN MIGUEL DEL CENTRO
124,223,BARRIO LAS ROSAS SAN MIGUEL DEL CENTRO
124,224,EL CAPULIN SAN MIGUEL DEL CENTRO
124,225,SAN FRANCISCO DE LA LOMA SEGUNDA SECCION
124,226,BARRIO CANOAS GUARDA LA LAGUNITA
125,1,SANTA MARIA TONANITLA
125,5,LA ASUNCION
125,7,LA CONCEPCION
125,11,PEMEX
125,15,LA URBANA (LA CHINAMPA)
